{
  "type": "FeatureCollection",
  "name": "Spain total solar eclipse access and activity restrictions — 12 August 2026",
  "metadata": {
    "snapshot_date": "2026-08-07",
    "verification_timestamp": "2026-08-07T08:17:00+02:00",
    "record_count": 139,
    "scope": "Current published access/traffic/parking/site/forest/wildfire-related restrictions relevant to the Spanish 12 August 2026 total solar eclipse corridor and practical approach routes.",
    "geometry_policy": "geometry is null where no authoritative coordinates/boundary for the restriction were published or embedded; no precise geometry is invented.",
    "status_policy_note": "confirmed = primary/official; reported_confirmed/reported_government_measure = reputable reporting of authority action; planned_not_final = announced but final order pending; conditional = activates only if stated condition occurs; confirmed_existing = ordinary non-eclipse rule active on eclipse day.",
    "known_data_quality_note": "This 2026-08-07 snapshot was rebuilt from the validated 2026-08-05 stable-ID inventory plus a municipality/protected-area/local-press sweep. The erroneous 2026-08-06 placeholder file is not used as source data."
  },
  "features": [
    {
      "type": "Feature",
      "id": "ar-hu-binefar-sanquilez-01",
      "geometry": null,
      "properties": {
        "id": "ar-hu-binefar-sanquilez-01",
        "name": "Sierra de San Quílez",
        "autonomous_community": "Aragón",
        "province": "Huesca",
        "municipality": "Binéfar",
        "restriction_type": "motor_vehicle_access_ban",
        "restriction_class": "motor_vehicle_access_ban",
        "status": "reported_confirmed",
        "confidence": "high",
        "effect_start": "2026-08-10T00:00:00+02:00",
        "effect_end": "2026-08-14T00:00:00+02:00",
        "effect_date": "",
        "effect_time_note": "Restriction is stated as applying from 10 through 13 August.",
        "description": "Motor-vehicle access is prohibited under extraordinary eclipse-period wildfire-prevention measures.",
        "affected_transport_modes": "motor_vehicle",
        "affected_modes": "motor_vehicle",
        "exemptions": "property access;professional activities;urban access;emergency/general-interest operations",
        "road_code": "",
        "road_location_reference": "",
        "road_reference": "",
        "direction": "",
        "planning_relevance": "mountain_vehicle_access_prohibited",
        "geometry_quality": "authority_named_place_no_boundary",
        "map_query": "Sierra de San Quílez, Binéfar, Spain",
        "source_urls": "https://cadenaser.com/aragon/2026/08/06/prohibido-el-acceso-con-vehiculos-a-motor-a-la-sierra-de-san-quilez-del-10-al-13-de-agosto-ser-aragon-oriental/",
        "source_publisher": "Cadena SER Aragón Oriental citing Decreto-Ley Aragón 2/2026",
        "source_publishers": "Cadena SER Aragón Oriental citing Decreto-Ley Aragón 2/2026",
        "verification_timestamp": "2026-08-07T08:17:00+02:00",
        "last_verified": "2026-08-07T08:17:00+02:00",
        "notes": ""
      }
    },
    {
      "type": "Feature",
      "id": "ar-hu-fraga-cardiel-01",
      "geometry": null,
      "properties": {
        "id": "ar-hu-fraga-cardiel-01",
        "name": "Cardiel eclipse observation area",
        "autonomous_community": "Aragón",
        "province": "Huesca",
        "municipality": "Fraga",
        "restriction_type": "ticketed_capacity_access",
        "restriction_class": "ticketed_capacity_access",
        "status": "confirmed",
        "confidence": "high",
        "effect_start": "",
        "effect_end": "",
        "effect_date": "2026-08-12",
        "effect_time_note": "Registration is mandatory and has closed after reaching 600 people.",
        "description": "Access to the organized Cardiel observation area requires prior registration; the 600-person capacity is full.",
        "affected_transport_modes": "public_entry",
        "affected_modes": "public_entry",
        "exemptions": "",
        "road_code": "",
        "road_location_reference": "",
        "road_reference": "",
        "direction": "",
        "planning_relevance": "official_viewing_site_sold_out",
        "geometry_quality": "authority_named_place_no_boundary",
        "map_query": "Cardiel eclipse observation area, Fraga, Spain",
        "source_urls": "https://www.fraga.org/contexto/fraga-al-dia/noticias/La-observacion-del-eclipse-en-Cardiel-completa-el-aforo-con-600-personas-inscritas/",
        "source_publisher": "Ayuntamiento de Fraga",
        "source_publishers": "Ayuntamiento de Fraga",
        "verification_timestamp": "2026-08-07T08:17:00+02:00",
        "last_verified": "2026-08-07T08:17:00+02:00",
        "notes": ""
      }
    },
    {
      "type": "Feature",
      "id": "ar-te-jabaloyas-javalon-01",
      "geometry": null,
      "properties": {
        "id": "ar-te-jabaloyas-javalon-01",
        "name": "Monte Javalón",
        "autonomous_community": "Aragón",
        "province": "Teruel",
        "municipality": "Jabaloyas",
        "restriction_type": "motor_vehicle_access_ban",
        "restriction_class": "motor_vehicle_access_ban",
        "status": "reported_confirmed",
        "confidence": "medium",
        "effect_start": "",
        "effect_end": "",
        "effect_date": "2026-08-12",
        "effect_time_note": "",
        "description": "The municipality prohibits road/motor-vehicle access to Monte Javalón on eclipse day for safety and protection of the mountain; pedestrian access remains possible.",
        "affected_transport_modes": "motor_vehicle",
        "affected_modes": "motor_vehicle",
        "exemptions": "",
        "road_code": "",
        "road_location_reference": "",
        "road_reference": "",
        "direction": "",
        "planning_relevance": "mountain_vehicle_access_prohibited",
        "geometry_quality": "authority_named_place_no_boundary",
        "map_query": "Monte Javalón, Jabaloyas, Spain",
        "source_urls": "https://www.heraldo.es/noticias/aragon/teruel/2026/07/10/un-pueblo-teruel-con-66-vecinos-prohibe-subir-coche-su-montana-mas-alta-dia-eclipse-2035932.html",
        "source_publisher": "Heraldo de Aragón reporting Ayuntamiento de Jabaloyas",
        "source_publishers": "Heraldo de Aragón reporting Ayuntamiento de Jabaloyas",
        "verification_timestamp": "2026-08-07T08:17:00+02:00",
        "last_verified": "2026-08-07T08:17:00+02:00",
        "notes": ""
      }
    },
    {
      "type": "Feature",
      "id": "ast-picos-lagos-01",
      "geometry": null,
      "properties": {
        "id": "ast-picos-lagos-01",
        "name": "Lagos de Covadonga road access",
        "autonomous_community": "Asturias",
        "province": "Asturias",
        "municipality": "Cangas de Onís",
        "restriction_type": "seasonal_private_vehicle_access_ban",
        "restriction_class": "seasonal_private_vehicle_access_ban",
        "status": "confirmed_existing",
        "confidence": "high",
        "effect_start": "2026-07-17T00:00:00+02:00",
        "effect_end": "2026-09-07T00:00:00+02:00",
        "effect_date": "",
        "effect_time_note": "",
        "description": "During the regulated summer period, private-vehicle access to Lagos de Covadonga is excluded 24 hours a day except expressly authorized vehicles; access is by regulated public transport.",
        "affected_transport_modes": "private_motor_vehicle",
        "affected_modes": "private_motor_vehicle",
        "exemptions": "expressly authorized vehicles",
        "road_code": "",
        "road_location_reference": "",
        "road_reference": "",
        "direction": "",
        "planning_relevance": "private_car_access_unavailable_on_eclipse_day",
        "geometry_quality": "authority_named_place_no_boundary",
        "map_query": "Lagos de Covadonga road access, Cangas de Onís, Spain",
        "source_urls": "https://parquenacionalpicoseuropa.es/2026/06/",
        "source_publisher": "Parque Nacional de los Picos de Europa",
        "source_publishers": "Parque Nacional de los Picos de Europa",
        "verification_timestamp": "2026-08-07T08:17:00+02:00",
        "last_verified": "2026-08-07T08:17:00+02:00",
        "notes": ""
      }
    },
    {
      "type": "Feature",
      "id": "ast-valdes-busto-01",
      "geometry": null,
      "properties": {
        "id": "ast-valdes-busto-01",
        "name": "Faro/Cabo Busto",
        "autonomous_community": "Asturias",
        "province": "Asturias",
        "municipality": "Valdés",
        "restriction_type": "traffic_restriction",
        "restriction_class": "traffic_restriction",
        "status": "confirmed",
        "confidence": "high",
        "effect_start": "",
        "effect_end": "",
        "effect_date": "2026-08-12",
        "effect_time_note": "",
        "description": "Traffic is restricted at Faro de Busto; dedicated parking is provided at Busto.",
        "affected_transport_modes": "motor_vehicle;parking",
        "affected_modes": "motor_vehicle;parking",
        "exemptions": "",
        "road_code": "",
        "road_location_reference": "",
        "road_reference": "",
        "direction": "",
        "planning_relevance": "viewpoint_vehicle_access_restricted",
        "geometry_quality": "authority_named_place_no_boundary",
        "map_query": "Faro/Cabo Busto, Valdés, Spain",
        "source_urls": "https://www.turismoluarcavaldes.es/eclipse2026/",
        "source_publisher": "Ayuntamiento de Valdés / Valdés Turismo",
        "source_publishers": "Ayuntamiento de Valdés / Valdés Turismo",
        "verification_timestamp": "2026-08-07T08:17:00+02:00",
        "last_verified": "2026-08-07T08:17:00+02:00",
        "notes": ""
      }
    },
    {
      "type": "Feature",
      "id": "ast-valdes-carrasqueo-01",
      "geometry": null,
      "properties": {
        "id": "ast-valdes-carrasqueo-01",
        "name": "Barrio del Carrasqueo observation road",
        "autonomous_community": "Asturias",
        "province": "Asturias",
        "municipality": "Valdés",
        "restriction_type": "road_closure_for_observation",
        "restriction_class": "road_closure_for_observation",
        "status": "confirmed",
        "confidence": "high",
        "effect_start": "",
        "effect_end": "",
        "effect_date": "2026-08-12",
        "effect_time_note": "",
        "description": "Road traffic is cut and the roadway is used as an observation area.",
        "affected_transport_modes": "motor_vehicle",
        "affected_modes": "motor_vehicle",
        "exemptions": "",
        "road_code": "",
        "road_location_reference": "",
        "road_reference": "",
        "direction": "",
        "planning_relevance": "road_closed_to_vehicles",
        "geometry_quality": "authority_named_place_no_boundary",
        "map_query": "Barrio del Carrasqueo observation road, Valdés, Spain",
        "source_urls": "https://www.turismoluarcavaldes.es/eclipse2026/",
        "source_publisher": "Ayuntamiento de Valdés / Valdés Turismo",
        "source_publishers": "Ayuntamiento de Valdés / Valdés Turismo",
        "verification_timestamp": "2026-08-07T08:17:00+02:00",
        "last_verified": "2026-08-07T08:17:00+02:00",
        "notes": ""
      }
    },
    {
      "type": "Feature",
      "id": "ast-valdes-faroluarca-01",
      "geometry": null,
      "properties": {
        "id": "ast-valdes-faroluarca-01",
        "name": "Carretera/Bajada del Faro de Luarca",
        "autonomous_community": "Asturias",
        "province": "Asturias",
        "municipality": "Valdés",
        "restriction_type": "road_closure_for_observation",
        "restriction_class": "road_closure_for_observation",
        "status": "confirmed",
        "confidence": "high",
        "effect_start": "",
        "effect_end": "",
        "effect_date": "2026-08-12",
        "effect_time_note": "",
        "description": "Vehicle traffic is cut for the eclipse observation area.",
        "affected_transport_modes": "motor_vehicle",
        "affected_modes": "motor_vehicle",
        "exemptions": "",
        "road_code": "",
        "road_location_reference": "",
        "road_reference": "",
        "direction": "",
        "planning_relevance": "road_closed_to_vehicles",
        "geometry_quality": "authority_named_place_no_boundary",
        "map_query": "Carretera/Bajada del Faro de Luarca, Valdés, Spain",
        "source_urls": "https://www.turismoluarcavaldes.es/eclipse2026/",
        "source_publisher": "Ayuntamiento de Valdés / Valdés Turismo",
        "source_publishers": "Ayuntamiento de Valdés / Valdés Turismo",
        "verification_timestamp": "2026-08-07T08:17:00+02:00",
        "last_verified": "2026-08-07T08:17:00+02:00",
        "notes": ""
      }
    },
    {
      "type": "Feature",
      "id": "ast-valdes-luarca-traffic-01",
      "geometry": null,
      "properties": {
        "id": "ast-valdes-luarca-traffic-01",
        "name": "Luarca eclipse observation area",
        "autonomous_community": "Asturias",
        "province": "Asturias",
        "municipality": "Valdés",
        "restriction_type": "traffic_restriction",
        "restriction_class": "traffic_restriction",
        "status": "confirmed",
        "confidence": "high",
        "effect_start": "",
        "effect_end": "",
        "effect_date": "2026-08-12",
        "effect_time_note": "",
        "description": "Traffic is restricted in Luarca on eclipse day; parking areas around observation points open from 11:30 and must be cleared by 13:00 on 13 August.",
        "affected_transport_modes": "motor_vehicle;parking",
        "affected_modes": "motor_vehicle;parking",
        "exemptions": "",
        "road_code": "",
        "road_location_reference": "",
        "road_reference": "",
        "direction": "",
        "planning_relevance": "urban_viewpoint_access_restricted",
        "geometry_quality": "authority_named_place_no_boundary",
        "map_query": "Luarca eclipse observation area, Valdés, Spain",
        "source_urls": "https://www.turismoluarcavaldes.es/eclipse2026/",
        "source_publisher": "Ayuntamiento de Valdés / Valdés Turismo",
        "source_publishers": "Ayuntamiento de Valdés / Valdés Turismo",
        "verification_timestamp": "2026-08-07T08:17:00+02:00",
        "last_verified": "2026-08-07T08:17:00+02:00",
        "notes": ""
      }
    },
    {
      "type": "Feature",
      "id": "bal-fo-01",
      "geometry": null,
      "properties": {
        "id": "bal-fo-01",
        "name": "Cap de Barbaria / Cala Saona access",
        "autonomous_community": "Illes Balears",
        "province": "Illes Balears",
        "municipality": "Formentera",
        "restriction_type": "motor_vehicle_access_control",
        "restriction_class": "motor_vehicle_access_control",
        "status": "reported_confirmed",
        "confidence": "high",
        "effect_start": "2026-08-12T16:00:00+02:00",
        "effect_end": "2026-08-13T00:00:00+02:00",
        "effect_date": "2026-08-12",
        "effect_time_note": "",
        "description": "The Cap de Barbaria road is closed from the Cala Saona junction; lighthouse access is by the official shuttle only.",
        "affected_transport_modes": "private_motor_vehicle",
        "affected_modes": "private_motor_vehicle",
        "exemptions": "residents;authorized vehicles;emergency services",
        "road_code": "PM-820-1",
        "road_location_reference": "junction toward Cap de Barbaria and Cala Saona",
        "road_reference": "junction toward Cap de Barbaria and Cala Saona",
        "direction": "",
        "planning_relevance": "private_vehicle_access_restricted",
        "geometry_quality": "authority_named_place_no_boundary",
        "map_query": "Cap de Barbaria / Cala Saona access, Formentera, Spain",
        "source_urls": "https://cadenaser.com/baleares/2026/08/05/dispositivo-especial-en-formentera-con-motivo-del-eclipse-solar-radio-ibiza/",
        "source_publisher": "Cadena SER / EFE quoting Consell de Formentera",
        "source_publishers": "Cadena SER / EFE quoting Consell de Formentera",
        "verification_timestamp": "2026-08-07T08:17:00+02:00",
        "last_verified": "2026-08-07T08:17:00+02:00",
        "notes": "Supersedes the earlier generic Balearic 15:00–21:00 time window for this access."
      }
    },
    {
      "type": "Feature",
      "id": "bal-fo-mola-lighthouse-01",
      "geometry": null,
      "properties": {
        "id": "bal-fo-mola-lighthouse-01",
        "name": "Faro de la Mola",
        "autonomous_community": "Illes Balears",
        "province": "Illes Balears",
        "municipality": "Formentera",
        "restriction_type": "site_closure",
        "restriction_class": "site_closure",
        "status": "reported_confirmed",
        "confidence": "high",
        "effect_start": "",
        "effect_end": "",
        "effect_date": "2026-08-12",
        "effect_time_note": "",
        "description": "Faro de la Mola will remain exceptionally closed to avoid large concentrations.",
        "affected_transport_modes": "public_entry;vehicle_access;eclipse_observation",
        "affected_modes": "public_entry;vehicle_access;eclipse_observation",
        "exemptions": "",
        "road_code": "",
        "road_location_reference": "",
        "road_reference": "",
        "direction": "",
        "planning_relevance": "viewing_location_unavailable",
        "geometry_quality": "authority_named_place_no_boundary",
        "map_query": "Faro de la Mola, Formentera, Spain",
        "source_urls": "https://cadenaser.com/baleares/2026/08/05/dispositivo-especial-en-formentera-con-motivo-del-eclipse-solar-radio-ibiza/",
        "source_publisher": "Cadena SER / EFE quoting Consell de Formentera",
        "source_publishers": "Cadena SER / EFE quoting Consell de Formentera",
        "verification_timestamp": "2026-08-07T08:17:00+02:00",
        "last_verified": "2026-08-07T08:17:00+02:00",
        "notes": ""
      }
    },
    {
      "type": "Feature",
      "id": "bal-fo-mola-market-01",
      "geometry": null,
      "properties": {
        "id": "bal-fo-mola-market-01",
        "name": "Mercat de la Mola",
        "autonomous_community": "Illes Balears",
        "province": "Illes Balears",
        "municipality": "Formentera",
        "restriction_type": "site_closure",
        "restriction_class": "site_closure",
        "status": "reported_confirmed",
        "confidence": "high",
        "effect_start": "",
        "effect_end": "",
        "effect_date": "2026-08-12",
        "effect_time_note": "",
        "description": "Mercat de la Mola will remain exceptionally closed to avoid large concentrations.",
        "affected_transport_modes": "public_entry",
        "affected_modes": "public_entry",
        "exemptions": "",
        "road_code": "",
        "road_location_reference": "",
        "road_reference": "",
        "direction": "",
        "planning_relevance": "site_unavailable",
        "geometry_quality": "authority_named_place_no_boundary",
        "map_query": "Mercat de la Mola, Formentera, Spain",
        "source_urls": "https://cadenaser.com/baleares/2026/08/05/dispositivo-especial-en-formentera-con-motivo-del-eclipse-solar-radio-ibiza/",
        "source_publisher": "Cadena SER / EFE quoting Consell de Formentera",
        "source_publishers": "Cadena SER / EFE quoting Consell de Formentera",
        "verification_timestamp": "2026-08-07T08:17:00+02:00",
        "last_verified": "2026-08-07T08:17:00+02:00",
        "notes": ""
      }
    },
    {
      "type": "Feature",
      "id": "bal-ib-01",
      "geometry": null,
      "properties": {
        "id": "bal-ib-01",
        "name": "Cala d'Hort access",
        "autonomous_community": "Illes Balears",
        "province": "Illes Balears",
        "municipality": "Sant Josep de sa Talaia",
        "restriction_type": "motor_vehicle_access_control",
        "restriction_class": "motor_vehicle_access_control",
        "status": "confirmed",
        "confidence": "high",
        "effect_start": "2026-08-12T15:00:00+02:00",
        "effect_end": "2026-08-12T21:00:00+02:00",
        "effect_date": "2026-08-12",
        "effect_time_note": "Controls may begin earlier or continue later for safety, congestion or full parking.",
        "description": "Motor-vehicle access is closed or regulated under the Balearic eclipse traffic plan.",
        "affected_transport_modes": "car;motorcycle;moped",
        "affected_modes": "car;motorcycle;moped",
        "exemptions": "accredited residents/property access;accredited workers;public transport;qualified accommodation/restaurant access;emergency/essential services;specifically authorized vehicles",
        "road_code": "",
        "road_location_reference": "Cala Vedella local road / Cala d'Hort local road, km 4.300",
        "road_reference": "Cala Vedella local road / Cala d'Hort local road, km 4.300",
        "direction": "",
        "planning_relevance": "private_vehicle_access_restricted",
        "geometry_quality": "official_road_reference_no_coordinates",
        "map_query": "Cala d'Hort access, Sant Josep de sa Talaia, Spain",
        "source_urls": "https://www.caib.es/webgoib/es/-/mesures-de-control-restricci%C3%B3-i-tancament-3",
        "source_publisher": "Govern de les Illes Balears",
        "source_publishers": "Govern de les Illes Balears",
        "verification_timestamp": "2026-08-07T08:17:00+02:00",
        "last_verified": "2026-08-07T08:17:00+02:00",
        "notes": ""
      }
    },
    {
      "type": "Feature",
      "id": "bal-ib-02",
      "geometry": null,
      "properties": {
        "id": "bal-ib-02",
        "name": "Cala Comte access",
        "autonomous_community": "Illes Balears",
        "province": "Illes Balears",
        "municipality": "Sant Josep de sa Talaia",
        "restriction_type": "motor_vehicle_access_control",
        "restriction_class": "motor_vehicle_access_control",
        "status": "confirmed",
        "confidence": "high",
        "effect_start": "2026-08-12T15:00:00+02:00",
        "effect_end": "2026-08-12T21:00:00+02:00",
        "effect_date": "2026-08-12",
        "effect_time_note": "Controls may begin earlier or continue later for safety, congestion or full parking.",
        "description": "Motor-vehicle access is closed or regulated under the Balearic eclipse traffic plan.",
        "affected_transport_modes": "car;motorcycle;moped",
        "affected_modes": "car;motorcycle;moped",
        "exemptions": "accredited residents/property access;accredited workers;public transport;qualified accommodation/restaurant access;emergency/essential services;specifically authorized vehicles",
        "road_code": "EI-701",
        "road_location_reference": "km 4.500",
        "road_reference": "km 4.500",
        "direction": "",
        "planning_relevance": "private_vehicle_access_restricted",
        "geometry_quality": "official_road_reference_no_coordinates",
        "map_query": "Cala Comte access, Sant Josep de sa Talaia, Spain",
        "source_urls": "https://www.caib.es/webgoib/es/-/mesures-de-control-restricci%C3%B3-i-tancament-3",
        "source_publisher": "Govern de les Illes Balears",
        "source_publishers": "Govern de les Illes Balears",
        "verification_timestamp": "2026-08-07T08:17:00+02:00",
        "last_verified": "2026-08-07T08:17:00+02:00",
        "notes": ""
      }
    },
    {
      "type": "Feature",
      "id": "bal-ib-03",
      "geometry": null,
      "properties": {
        "id": "bal-ib-03",
        "name": "Cala Molí access",
        "autonomous_community": "Illes Balears",
        "province": "Illes Balears",
        "municipality": "Sant Josep de sa Talaia",
        "restriction_type": "motor_vehicle_access_control",
        "restriction_class": "motor_vehicle_access_control",
        "status": "confirmed",
        "confidence": "high",
        "effect_start": "2026-08-12T15:00:00+02:00",
        "effect_end": "2026-08-12T21:00:00+02:00",
        "effect_date": "2026-08-12",
        "effect_time_note": "Controls may begin earlier or continue later for safety, congestion or full parking.",
        "description": "Motor-vehicle access is closed or regulated under the Balearic eclipse traffic plan.",
        "affected_transport_modes": "car;motorcycle;moped",
        "affected_modes": "car;motorcycle;moped",
        "exemptions": "accredited residents/property access;accredited workers;public transport;qualified accommodation/restaurant access;emergency/essential services;specifically authorized vehicles",
        "road_code": "",
        "road_location_reference": "Cala Molí road / Cala Tarida intersection, km 3.600",
        "road_reference": "Cala Molí road / Cala Tarida intersection, km 3.600",
        "direction": "",
        "planning_relevance": "private_vehicle_access_restricted",
        "geometry_quality": "official_road_reference_no_coordinates",
        "map_query": "Cala Molí access, Sant Josep de sa Talaia, Spain",
        "source_urls": "https://www.caib.es/webgoib/es/-/mesures-de-control-restricci%C3%B3-i-tancament-3",
        "source_publisher": "Govern de les Illes Balears",
        "source_publishers": "Govern de les Illes Balears",
        "verification_timestamp": "2026-08-07T08:17:00+02:00",
        "last_verified": "2026-08-07T08:17:00+02:00",
        "notes": ""
      }
    },
    {
      "type": "Feature",
      "id": "bal-ib-04",
      "geometry": null,
      "properties": {
        "id": "bal-ib-04",
        "name": "Cala Bassa access",
        "autonomous_community": "Illes Balears",
        "province": "Illes Balears",
        "municipality": "Sant Josep de sa Talaia",
        "restriction_type": "motor_vehicle_access_control",
        "restriction_class": "motor_vehicle_access_control",
        "status": "confirmed",
        "confidence": "high",
        "effect_start": "2026-08-12T15:00:00+02:00",
        "effect_end": "2026-08-12T21:00:00+02:00",
        "effect_date": "2026-08-12",
        "effect_time_note": "Controls may begin earlier or continue later for safety, congestion or full parking.",
        "description": "Motor-vehicle access is closed or regulated under the Balearic eclipse traffic plan.",
        "affected_transport_modes": "car;motorcycle;moped",
        "affected_modes": "car;motorcycle;moped",
        "exemptions": "accredited residents/property access;accredited workers;public transport;qualified accommodation/restaurant access;emergency/essential services;specifically authorized vehicles",
        "road_code": "EI-702",
        "road_location_reference": "EI-702 / Cala Bassa road intersection, km 1.900",
        "road_reference": "EI-702 / Cala Bassa road intersection, km 1.900",
        "direction": "",
        "planning_relevance": "private_vehicle_access_restricted",
        "geometry_quality": "official_road_reference_no_coordinates",
        "map_query": "Cala Bassa access, Sant Josep de sa Talaia, Spain",
        "source_urls": "https://www.caib.es/webgoib/es/-/mesures-de-control-restricci%C3%B3-i-tancament-3",
        "source_publisher": "Govern de les Illes Balears",
        "source_publishers": "Govern de les Illes Balears",
        "verification_timestamp": "2026-08-07T08:17:00+02:00",
        "last_verified": "2026-08-07T08:17:00+02:00",
        "notes": ""
      }
    },
    {
      "type": "Feature",
      "id": "bal-ma-01",
      "geometry": null,
      "properties": {
        "id": "bal-ma-01",
        "name": "Sant Elm access",
        "autonomous_community": "Illes Balears",
        "province": "Illes Balears",
        "municipality": "Andratx",
        "restriction_type": "motor_vehicle_access_control",
        "restriction_class": "motor_vehicle_access_control",
        "status": "confirmed",
        "confidence": "high",
        "effect_start": "2026-08-12T15:00:00+02:00",
        "effect_end": "2026-08-12T21:00:00+02:00",
        "effect_date": "2026-08-12",
        "effect_time_note": "Controls may begin earlier or continue later for safety, congestion or full parking.",
        "description": "Motor-vehicle access is closed or regulated under the Balearic eclipse traffic plan.",
        "affected_transport_modes": "car;motorcycle;moped",
        "affected_modes": "car;motorcycle;moped",
        "exemptions": "accredited residents/property access;accredited workers;public transport;qualified accommodation/restaurant access;emergency/essential services;specifically authorized vehicles",
        "road_code": "Ma-1030",
        "road_location_reference": "Roundabout from s'Arracó to Sant Elm, at Ma-1050 junction",
        "road_reference": "Roundabout from s'Arracó to Sant Elm, at Ma-1050 junction",
        "direction": "",
        "planning_relevance": "private_vehicle_access_restricted",
        "geometry_quality": "official_road_reference_no_coordinates",
        "map_query": "Sant Elm access, Andratx, Spain",
        "source_urls": "https://www.caib.es/webgoib/es/-/mesures-de-control-restricci%C3%B3-i-tancament-3",
        "source_publisher": "Govern de les Illes Balears",
        "source_publishers": "Govern de les Illes Balears",
        "verification_timestamp": "2026-08-07T08:17:00+02:00",
        "last_verified": "2026-08-07T08:17:00+02:00",
        "notes": ""
      }
    },
    {
      "type": "Feature",
      "id": "bal-ma-02",
      "geometry": null,
      "properties": {
        "id": "bal-ma-02",
        "name": "Andratx Ma-10 access",
        "autonomous_community": "Illes Balears",
        "province": "Illes Balears",
        "municipality": "Andratx",
        "restriction_type": "motor_vehicle_access_control",
        "restriction_class": "motor_vehicle_access_control",
        "status": "confirmed",
        "confidence": "high",
        "effect_start": "2026-08-12T15:00:00+02:00",
        "effect_end": "2026-08-12T21:00:00+02:00",
        "effect_date": "2026-08-12",
        "effect_time_note": "Controls may begin earlier or continue later for safety, congestion or full parking.",
        "description": "Motor-vehicle access is closed or regulated under the Balearic eclipse traffic plan.",
        "affected_transport_modes": "car;motorcycle;moped",
        "affected_modes": "car;motorcycle;moped",
        "exemptions": "accredited residents/property access;accredited workers;public transport;qualified accommodation/restaurant access;emergency/essential services;specifically authorized vehicles",
        "road_code": "Ma-10",
        "road_location_reference": "Ma-10 / Ma-1031 roundabout",
        "road_reference": "Ma-10 / Ma-1031 roundabout",
        "direction": "",
        "planning_relevance": "private_vehicle_access_restricted",
        "geometry_quality": "official_road_reference_no_coordinates",
        "map_query": "Andratx Ma-10 access, Andratx, Spain",
        "source_urls": "https://www.caib.es/webgoib/es/-/mesures-de-control-restricci%C3%B3-i-tancament-3",
        "source_publisher": "Govern de les Illes Balears",
        "source_publishers": "Govern de les Illes Balears",
        "verification_timestamp": "2026-08-07T08:17:00+02:00",
        "last_verified": "2026-08-07T08:17:00+02:00",
        "notes": ""
      }
    },
    {
      "type": "Feature",
      "id": "bal-ma-03",
      "geometry": null,
      "properties": {
        "id": "bal-ma-03",
        "name": "Cala Estellencs access",
        "autonomous_community": "Illes Balears",
        "province": "Illes Balears",
        "municipality": "Estellencs",
        "restriction_type": "motor_vehicle_access_control",
        "restriction_class": "motor_vehicle_access_control",
        "status": "confirmed",
        "confidence": "high",
        "effect_start": "2026-08-12T15:00:00+02:00",
        "effect_end": "2026-08-12T21:00:00+02:00",
        "effect_date": "2026-08-12",
        "effect_time_note": "Controls may begin earlier or continue later for safety, congestion or full parking.",
        "description": "Motor-vehicle access is closed or regulated under the Balearic eclipse traffic plan.",
        "affected_transport_modes": "car;motorcycle;moped",
        "affected_modes": "car;motorcycle;moped",
        "exemptions": "accredited residents/property access;accredited workers;public transport;qualified accommodation/restaurant access;emergency/essential services;specifically authorized vehicles",
        "road_code": "Ma-10",
        "road_location_reference": "Camí des Port / Cala Estellencs access",
        "road_reference": "Camí des Port / Cala Estellencs access",
        "direction": "",
        "planning_relevance": "private_vehicle_access_restricted",
        "geometry_quality": "official_road_reference_no_coordinates",
        "map_query": "Cala Estellencs access, Estellencs, Spain",
        "source_urls": "https://www.caib.es/webgoib/es/-/mesures-de-control-restricci%C3%B3-i-tancament-3",
        "source_publisher": "Govern de les Illes Balears",
        "source_publishers": "Govern de les Illes Balears",
        "verification_timestamp": "2026-08-07T08:17:00+02:00",
        "last_verified": "2026-08-07T08:17:00+02:00",
        "notes": ""
      }
    },
    {
      "type": "Feature",
      "id": "bal-ma-04",
      "geometry": null,
      "properties": {
        "id": "bal-ma-04",
        "name": "Cala Banyalbufar access",
        "autonomous_community": "Illes Balears",
        "province": "Illes Balears",
        "municipality": "Banyalbufar",
        "restriction_type": "motor_vehicle_access_control",
        "restriction_class": "motor_vehicle_access_control",
        "status": "confirmed",
        "confidence": "high",
        "effect_start": "2026-08-12T15:00:00+02:00",
        "effect_end": "2026-08-12T21:00:00+02:00",
        "effect_date": "2026-08-12",
        "effect_time_note": "Controls may begin earlier or continue later for safety, congestion or full parking.",
        "description": "Motor-vehicle access is closed or regulated under the Balearic eclipse traffic plan.",
        "affected_transport_modes": "car;motorcycle;moped",
        "affected_modes": "car;motorcycle;moped",
        "exemptions": "accredited residents/property access;accredited workers;public transport;qualified accommodation/restaurant access;emergency/essential services;specifically authorized vehicles",
        "road_code": "Ma-10",
        "road_location_reference": "Camí des Molí / Cala Banyalbufar access",
        "road_reference": "Camí des Molí / Cala Banyalbufar access",
        "direction": "",
        "planning_relevance": "private_vehicle_access_restricted",
        "geometry_quality": "official_road_reference_no_coordinates",
        "map_query": "Cala Banyalbufar access, Banyalbufar, Spain",
        "source_urls": "https://www.caib.es/webgoib/es/-/mesures-de-control-restricci%C3%B3-i-tancament-3",
        "source_publisher": "Govern de les Illes Balears",
        "source_publishers": "Govern de les Illes Balears",
        "verification_timestamp": "2026-08-07T08:17:00+02:00",
        "last_verified": "2026-08-07T08:17:00+02:00",
        "notes": ""
      }
    },
    {
      "type": "Feature",
      "id": "bal-ma-05",
      "geometry": null,
      "properties": {
        "id": "bal-ma-05",
        "name": "Esporles Ma-10 controls",
        "autonomous_community": "Illes Balears",
        "province": "Illes Balears",
        "municipality": "Esporles",
        "restriction_type": "motor_vehicle_access_control",
        "restriction_class": "motor_vehicle_access_control",
        "status": "confirmed",
        "confidence": "high",
        "effect_start": "2026-08-12T15:00:00+02:00",
        "effect_end": "2026-08-12T21:00:00+02:00",
        "effect_date": "2026-08-12",
        "effect_time_note": "Controls may begin earlier or continue later for safety, congestion or full parking.",
        "description": "Motor-vehicle access is closed or regulated under the Balearic eclipse traffic plan.",
        "affected_transport_modes": "car;motorcycle;moped",
        "affected_modes": "car;motorcycle;moped",
        "exemptions": "accredited residents/property access;accredited workers;public transport;qualified accommodation/restaurant access;emergency/essential services;specifically authorized vehicles",
        "road_code": "Ma-10",
        "road_location_reference": "Ma-1100 / Ma-1101 and Ma-10 / Ma-1100 junctions",
        "road_reference": "Ma-1100 / Ma-1101 and Ma-10 / Ma-1100 junctions",
        "direction": "",
        "planning_relevance": "private_vehicle_access_restricted",
        "geometry_quality": "official_road_reference_no_coordinates",
        "map_query": "Esporles Ma-10 controls, Esporles, Spain",
        "source_urls": "https://www.caib.es/webgoib/es/-/mesures-de-control-restricci%C3%B3-i-tancament-3",
        "source_publisher": "Govern de les Illes Balears",
        "source_publishers": "Govern de les Illes Balears",
        "verification_timestamp": "2026-08-07T08:17:00+02:00",
        "last_verified": "2026-08-07T08:17:00+02:00",
        "notes": ""
      }
    },
    {
      "type": "Feature",
      "id": "bal-ma-06",
      "geometry": null,
      "properties": {
        "id": "bal-ma-06",
        "name": "Valldemossa Ma-10 access",
        "autonomous_community": "Illes Balears",
        "province": "Illes Balears",
        "municipality": "Valldemossa",
        "restriction_type": "motor_vehicle_access_control",
        "restriction_class": "motor_vehicle_access_control",
        "status": "confirmed",
        "confidence": "high",
        "effect_start": "2026-08-12T15:00:00+02:00",
        "effect_end": "2026-08-12T21:00:00+02:00",
        "effect_date": "2026-08-12",
        "effect_time_note": "Controls may begin earlier or continue later for safety, congestion or full parking.",
        "description": "Motor-vehicle access is closed or regulated under the Balearic eclipse traffic plan.",
        "affected_transport_modes": "car;motorcycle;moped",
        "affected_modes": "car;motorcycle;moped",
        "exemptions": "accredited residents/property access;accredited workers;public transport;qualified accommodation/restaurant access;emergency/essential services;specifically authorized vehicles",
        "road_code": "Ma-10",
        "road_location_reference": "Ma-10 from Ma-1130",
        "road_reference": "Ma-10 from Ma-1130",
        "direction": "",
        "planning_relevance": "private_vehicle_access_restricted",
        "geometry_quality": "official_road_reference_no_coordinates",
        "map_query": "Valldemossa Ma-10 access, Valldemossa, Spain",
        "source_urls": "https://www.caib.es/webgoib/es/-/mesures-de-control-restricci%C3%B3-i-tancament-3",
        "source_publisher": "Govern de les Illes Balears",
        "source_publishers": "Govern de les Illes Balears",
        "verification_timestamp": "2026-08-07T08:17:00+02:00",
        "last_verified": "2026-08-07T08:17:00+02:00",
        "notes": ""
      }
    },
    {
      "type": "Feature",
      "id": "bal-ma-07",
      "geometry": null,
      "properties": {
        "id": "bal-ma-07",
        "name": "Deià coastal accesses",
        "autonomous_community": "Illes Balears",
        "province": "Illes Balears",
        "municipality": "Deià",
        "restriction_type": "motor_vehicle_access_control",
        "restriction_class": "motor_vehicle_access_control",
        "status": "confirmed",
        "confidence": "high",
        "effect_start": "2026-08-12T15:00:00+02:00",
        "effect_end": "2026-08-12T21:00:00+02:00",
        "effect_date": "2026-08-12",
        "effect_time_note": "Controls may begin earlier or continue later for safety, congestion or full parking.",
        "description": "Motor-vehicle access is closed or regulated under the Balearic eclipse traffic plan.",
        "affected_transport_modes": "car;motorcycle;moped",
        "affected_modes": "car;motorcycle;moped",
        "exemptions": "accredited residents/property access;accredited workers;public transport;qualified accommodation/restaurant access;emergency/essential services;specifically authorized vehicles",
        "road_code": "Ma-10",
        "road_location_reference": "Camí de Sa Cala, Cala Deià road and Sa Foradada access",
        "road_reference": "Camí de Sa Cala, Cala Deià road and Sa Foradada access",
        "direction": "",
        "planning_relevance": "private_vehicle_access_restricted",
        "geometry_quality": "official_road_reference_no_coordinates",
        "map_query": "Deià coastal accesses, Deià, Spain",
        "source_urls": "https://www.caib.es/webgoib/es/-/mesures-de-control-restricci%C3%B3-i-tancament-3",
        "source_publisher": "Govern de les Illes Balears",
        "source_publishers": "Govern de les Illes Balears",
        "verification_timestamp": "2026-08-07T08:17:00+02:00",
        "last_verified": "2026-08-07T08:17:00+02:00",
        "notes": ""
      }
    },
    {
      "type": "Feature",
      "id": "bal-ma-08",
      "geometry": null,
      "properties": {
        "id": "bal-ma-08",
        "name": "Sóller Ma-10 controls",
        "autonomous_community": "Illes Balears",
        "province": "Illes Balears",
        "municipality": "Sóller",
        "restriction_type": "motor_vehicle_access_control",
        "restriction_class": "motor_vehicle_access_control",
        "status": "confirmed",
        "confidence": "high",
        "effect_start": "2026-08-12T15:00:00+02:00",
        "effect_end": "2026-08-12T21:00:00+02:00",
        "effect_date": "2026-08-12",
        "effect_time_note": "Controls may begin earlier or continue later for safety, congestion or full parking.",
        "description": "Motor-vehicle access is closed or regulated under the Balearic eclipse traffic plan.",
        "affected_transport_modes": "car;motorcycle;moped",
        "affected_modes": "car;motorcycle;moped",
        "exemptions": "accredited residents/property access;accredited workers;public transport;qualified accommodation/restaurant access;emergency/essential services;specifically authorized vehicles",
        "road_code": "Ma-10",
        "road_location_reference": "Monument roundabout and Ma-10 / Ma-11 junction",
        "road_reference": "Monument roundabout and Ma-10 / Ma-11 junction",
        "direction": "",
        "planning_relevance": "private_vehicle_access_restricted",
        "geometry_quality": "official_road_reference_no_coordinates",
        "map_query": "Sóller Ma-10 controls, Sóller, Spain",
        "source_urls": "https://www.caib.es/webgoib/es/-/mesures-de-control-restricci%C3%B3-i-tancament-3",
        "source_publisher": "Govern de les Illes Balears",
        "source_publishers": "Govern de les Illes Balears",
        "verification_timestamp": "2026-08-07T08:17:00+02:00",
        "last_verified": "2026-08-07T08:17:00+02:00",
        "notes": ""
      }
    },
    {
      "type": "Feature",
      "id": "bal-ma-09",
      "geometry": null,
      "properties": {
        "id": "bal-ma-09",
        "name": "Fornalutx Ma-10 access",
        "autonomous_community": "Illes Balears",
        "province": "Illes Balears",
        "municipality": "Fornalutx",
        "restriction_type": "motor_vehicle_access_control",
        "restriction_class": "motor_vehicle_access_control",
        "status": "confirmed",
        "confidence": "high",
        "effect_start": "2026-08-12T15:00:00+02:00",
        "effect_end": "2026-08-12T21:00:00+02:00",
        "effect_date": "2026-08-12",
        "effect_time_note": "Controls may begin earlier or continue later for safety, congestion or full parking.",
        "description": "Motor-vehicle access is closed or regulated under the Balearic eclipse traffic plan.",
        "affected_transport_modes": "car;motorcycle;moped",
        "affected_modes": "car;motorcycle;moped",
        "exemptions": "accredited residents/property access;accredited workers;public transport;qualified accommodation/restaurant access;emergency/essential services;specifically authorized vehicles",
        "road_code": "Ma-10",
        "road_location_reference": "km 47.500, junction with Ma-2120",
        "road_reference": "km 47.500, junction with Ma-2120",
        "direction": "",
        "planning_relevance": "private_vehicle_access_restricted",
        "geometry_quality": "official_road_reference_no_coordinates",
        "map_query": "Fornalutx Ma-10 access, Fornalutx, Spain",
        "source_urls": "https://www.caib.es/webgoib/es/-/mesures-de-control-restricci%C3%B3-i-tancament-3",
        "source_publisher": "Govern de les Illes Balears",
        "source_publishers": "Govern de les Illes Balears",
        "verification_timestamp": "2026-08-07T08:17:00+02:00",
        "last_verified": "2026-08-07T08:17:00+02:00",
        "notes": ""
      }
    },
    {
      "type": "Feature",
      "id": "bal-ma-10",
      "geometry": null,
      "properties": {
        "id": "bal-ma-10",
        "name": "Escorca Ma-10 access",
        "autonomous_community": "Illes Balears",
        "province": "Illes Balears",
        "municipality": "Escorca",
        "restriction_type": "motor_vehicle_access_control",
        "restriction_class": "motor_vehicle_access_control",
        "status": "confirmed",
        "confidence": "high",
        "effect_start": "2026-08-12T15:00:00+02:00",
        "effect_end": "2026-08-12T21:00:00+02:00",
        "effect_date": "2026-08-12",
        "effect_time_note": "Controls may begin earlier or continue later for safety, congestion or full parking.",
        "description": "Motor-vehicle access is closed or regulated under the Balearic eclipse traffic plan.",
        "affected_transport_modes": "car;motorcycle;moped",
        "affected_modes": "car;motorcycle;moped",
        "exemptions": "accredited residents/property access;accredited workers;public transport;qualified accommodation/restaurant access;emergency/essential services;specifically authorized vehicles",
        "road_code": "Ma-10",
        "road_location_reference": "Ma-2141 / Ma-10 junction",
        "road_reference": "Ma-2141 / Ma-10 junction",
        "direction": "",
        "planning_relevance": "private_vehicle_access_restricted",
        "geometry_quality": "official_road_reference_no_coordinates",
        "map_query": "Escorca Ma-10 access, Escorca, Spain",
        "source_urls": "https://www.caib.es/webgoib/es/-/mesures-de-control-restricci%C3%B3-i-tancament-3",
        "source_publisher": "Govern de les Illes Balears",
        "source_publishers": "Govern de les Illes Balears",
        "verification_timestamp": "2026-08-07T08:17:00+02:00",
        "last_verified": "2026-08-07T08:17:00+02:00",
        "notes": ""
      }
    },
    {
      "type": "Feature",
      "id": "bal-ma-11",
      "geometry": null,
      "properties": {
        "id": "bal-ma-11",
        "name": "Caimari Ma-10 closure",
        "autonomous_community": "Illes Balears",
        "province": "Illes Balears",
        "municipality": "Selva",
        "restriction_type": "motor_vehicle_access_control",
        "restriction_class": "motor_vehicle_access_control",
        "status": "confirmed",
        "confidence": "high",
        "effect_start": "2026-08-12T15:00:00+02:00",
        "effect_end": "2026-08-12T21:00:00+02:00",
        "effect_date": "2026-08-12",
        "effect_time_note": "Controls may begin earlier or continue later for safety, congestion or full parking.",
        "description": "Motor-vehicle access is closed or regulated under the Balearic eclipse traffic plan.",
        "affected_transport_modes": "car;motorcycle;moped",
        "affected_modes": "car;motorcycle;moped",
        "exemptions": "accredited residents/property access;accredited workers;public transport;qualified accommodation/restaurant access;emergency/essential services;specifically authorized vehicles",
        "road_code": "Ma-10",
        "road_location_reference": "Ma-2130 / Creu de Caimari",
        "road_reference": "Ma-2130 / Creu de Caimari",
        "direction": "",
        "planning_relevance": "private_vehicle_access_restricted",
        "geometry_quality": "official_road_reference_no_coordinates",
        "map_query": "Caimari Ma-10 closure, Selva, Spain",
        "source_urls": "https://www.caib.es/webgoib/es/-/mesures-de-control-restricci%C3%B3-i-tancament-3",
        "source_publisher": "Govern de les Illes Balears",
        "source_publishers": "Govern de les Illes Balears",
        "verification_timestamp": "2026-08-07T08:17:00+02:00",
        "last_verified": "2026-08-07T08:17:00+02:00",
        "notes": ""
      }
    },
    {
      "type": "Feature",
      "id": "bal-ma-12",
      "geometry": null,
      "properties": {
        "id": "bal-ma-12",
        "name": "Formentor eclipse access control",
        "autonomous_community": "Illes Balears",
        "province": "Illes Balears",
        "municipality": "Pollença",
        "restriction_type": "motor_vehicle_access_control",
        "restriction_class": "motor_vehicle_access_control",
        "status": "confirmed",
        "confidence": "high",
        "effect_start": "2026-08-12T15:00:00+02:00",
        "effect_end": "2026-08-12T21:00:00+02:00",
        "effect_date": "2026-08-12",
        "effect_time_note": "Controls may begin earlier or continue later for safety, congestion or full parking.",
        "description": "Motor-vehicle access is closed or regulated under the Balearic eclipse traffic plan.",
        "affected_transport_modes": "car;motorcycle;moped",
        "affected_modes": "car;motorcycle;moped",
        "exemptions": "accredited residents/property access;accredited workers;public transport;qualified accommodation/restaurant access;emergency/essential services;specifically authorized vehicles",
        "road_code": "Ma-2210",
        "road_location_reference": "Ma-10 km 0 / Ma-2210-Ma-2200 approaches to Mirador des Colomer and Formentor",
        "road_reference": "Ma-10 km 0 / Ma-2210-Ma-2200 approaches to Mirador des Colomer and Formentor",
        "direction": "",
        "planning_relevance": "private_vehicle_access_restricted",
        "geometry_quality": "official_road_reference_no_coordinates",
        "map_query": "Formentor eclipse access control, Pollença, Spain",
        "source_urls": "https://www.caib.es/webgoib/es/-/mesures-de-control-restricci%C3%B3-i-tancament-3",
        "source_publisher": "Govern de les Illes Balears",
        "source_publishers": "Govern de les Illes Balears",
        "verification_timestamp": "2026-08-07T08:17:00+02:00",
        "last_verified": "2026-08-07T08:17:00+02:00",
        "notes": ""
      }
    },
    {
      "type": "Feature",
      "id": "bal-ma-13",
      "geometry": null,
      "properties": {
        "id": "bal-ma-13",
        "name": "Maioris / Puig de Ros urbanization accesses",
        "autonomous_community": "Illes Balears",
        "province": "Illes Balears",
        "municipality": "Llucmajor",
        "restriction_type": "motor_vehicle_access_control",
        "restriction_class": "motor_vehicle_access_control",
        "status": "confirmed",
        "confidence": "high",
        "effect_start": "2026-08-12T15:00:00+02:00",
        "effect_end": "2026-08-12T21:00:00+02:00",
        "effect_date": "2026-08-12",
        "effect_time_note": "Controls may begin earlier or continue later for safety, congestion or full parking.",
        "description": "Motor-vehicle access is closed or regulated under the Balearic eclipse traffic plan.",
        "affected_transport_modes": "car;motorcycle;moped",
        "affected_modes": "car;motorcycle;moped",
        "exemptions": "accredited residents/property access;accredited workers;public transport;qualified accommodation/restaurant access;emergency/essential services;specifically authorized vehicles",
        "road_code": "Ma-6014",
        "road_location_reference": "km 6.200 and km 7.000",
        "road_reference": "km 6.200 and km 7.000",
        "direction": "",
        "planning_relevance": "private_vehicle_access_restricted",
        "geometry_quality": "official_road_reference_no_coordinates",
        "map_query": "Maioris / Puig de Ros urbanization accesses, Llucmajor, Spain",
        "source_urls": "https://www.caib.es/webgoib/es/-/mesures-de-control-restricci%C3%B3-i-tancament-3",
        "source_publisher": "Govern de les Illes Balears",
        "source_publishers": "Govern de les Illes Balears",
        "verification_timestamp": "2026-08-07T08:17:00+02:00",
        "last_verified": "2026-08-07T08:17:00+02:00",
        "notes": ""
      }
    },
    {
      "type": "Feature",
      "id": "bal-ma-14",
      "geometry": null,
      "properties": {
        "id": "bal-ma-14",
        "name": "Cap Blanc access",
        "autonomous_community": "Illes Balears",
        "province": "Illes Balears",
        "municipality": "Llucmajor",
        "restriction_type": "motor_vehicle_access_control",
        "restriction_class": "motor_vehicle_access_control",
        "status": "confirmed",
        "confidence": "high",
        "effect_start": "2026-08-12T15:00:00+02:00",
        "effect_end": "2026-08-12T21:00:00+02:00",
        "effect_date": "2026-08-12",
        "effect_time_note": "Controls may begin earlier or continue later for safety, congestion or full parking.",
        "description": "Motor-vehicle access is closed or regulated under the Balearic eclipse traffic plan.",
        "affected_transport_modes": "car;motorcycle;moped",
        "affected_modes": "car;motorcycle;moped",
        "exemptions": "accredited residents/property access;accredited workers;public transport;qualified accommodation/restaurant access;emergency/essential services;specifically authorized vehicles",
        "road_code": "Ma-6014",
        "road_location_reference": "km 18.000",
        "road_reference": "km 18.000",
        "direction": "",
        "planning_relevance": "private_vehicle_access_restricted",
        "geometry_quality": "official_road_reference_no_coordinates",
        "map_query": "Cap Blanc access, Llucmajor, Spain",
        "source_urls": "https://www.caib.es/webgoib/es/-/mesures-de-control-restricci%C3%B3-i-tancament-3",
        "source_publisher": "Govern de les Illes Balears",
        "source_publishers": "Govern de les Illes Balears",
        "verification_timestamp": "2026-08-07T08:17:00+02:00",
        "last_verified": "2026-08-07T08:17:00+02:00",
        "notes": ""
      }
    },
    {
      "type": "Feature",
      "id": "bal-ma-15",
      "geometry": null,
      "properties": {
        "id": "bal-ma-15",
        "name": "Santuari de Cura ascent",
        "autonomous_community": "Illes Balears",
        "province": "Illes Balears",
        "municipality": "Algaida",
        "restriction_type": "motor_vehicle_access_control",
        "restriction_class": "motor_vehicle_access_control",
        "status": "confirmed",
        "confidence": "high",
        "effect_start": "2026-08-12T15:00:00+02:00",
        "effect_end": "2026-08-12T21:00:00+02:00",
        "effect_date": "2026-08-12",
        "effect_time_note": "Controls may begin earlier or continue later for safety, congestion or full parking.",
        "description": "Motor-vehicle access is closed or regulated under the Balearic eclipse traffic plan.",
        "affected_transport_modes": "car;motorcycle;moped",
        "affected_modes": "car;motorcycle;moped",
        "exemptions": "accredited residents/property access;accredited workers;public transport;qualified accommodation/restaurant access;emergency/essential services;specifically authorized vehicles",
        "road_code": "Ma-5018",
        "road_location_reference": "restriction from start of Ma-5018",
        "road_reference": "restriction from start of Ma-5018",
        "direction": "",
        "planning_relevance": "private_vehicle_access_restricted",
        "geometry_quality": "official_road_reference_no_coordinates",
        "map_query": "Santuari de Cura ascent, Algaida, Spain",
        "source_urls": "https://www.caib.es/webgoib/es/-/mesures-de-control-restricci%C3%B3-i-tancament-3",
        "source_publisher": "Govern de les Illes Balears",
        "source_publishers": "Govern de les Illes Balears",
        "verification_timestamp": "2026-08-07T08:17:00+02:00",
        "last_verified": "2026-08-07T08:17:00+02:00",
        "notes": ""
      }
    },
    {
      "type": "Feature",
      "id": "bal-ma-16",
      "geometry": null,
      "properties": {
        "id": "bal-ma-16",
        "name": "Platja de Palma road and parking controls",
        "autonomous_community": "Illes Balears",
        "province": "Illes Balears",
        "municipality": "Palma",
        "restriction_type": "motor_vehicle_access_control",
        "restriction_class": "motor_vehicle_access_control",
        "status": "confirmed",
        "confidence": "high",
        "effect_start": "2026-08-12T08:00:00+02:00",
        "effect_end": "",
        "effect_date": "2026-08-12",
        "effect_time_note": "08:00–12:00 accredited-access regime; from 12:00 wider vehicle closure under the published Palma plan.",
        "description": "Motor-vehicle access is closed or regulated under the Balearic eclipse traffic plan.",
        "affected_transport_modes": "car;motorcycle;moped",
        "affected_modes": "car;motorcycle;moped",
        "exemptions": "accredited residents/property access;accredited workers;public transport;qualified accommodation/restaurant access;emergency/essential services;specifically authorized vehicles",
        "road_code": "Ma-19",
        "road_location_reference": "exits 6, 7A, 8, 11 and 12 toward Llucmajor; wider beach-zone controls",
        "road_reference": "exits 6, 7A, 8, 11 and 12 toward Llucmajor; wider beach-zone controls",
        "direction": "",
        "planning_relevance": "private_vehicle_access_restricted",
        "geometry_quality": "official_road_reference_no_coordinates",
        "map_query": "Platja de Palma road and parking controls, Palma, Spain",
        "source_urls": "https://www.caib.es/webgoib/es/-/mesures-de-control-restricci%C3%B3-i-tancament-3",
        "source_publisher": "Govern de les Illes Balears",
        "source_publishers": "Govern de les Illes Balears",
        "verification_timestamp": "2026-08-07T08:17:00+02:00",
        "last_verified": "2026-08-07T08:17:00+02:00",
        "notes": ""
      }
    },
    {
      "type": "Feature",
      "id": "bal-ma-17",
      "geometry": null,
      "properties": {
        "id": "bal-ma-17",
        "name": "Puig de Sant Salvador ascent",
        "autonomous_community": "Illes Balears",
        "province": "Illes Balears",
        "municipality": "Felanitx",
        "restriction_type": "motor_vehicle_access_control",
        "restriction_class": "motor_vehicle_access_control",
        "status": "confirmed",
        "confidence": "high",
        "effect_start": "2026-08-12T15:00:00+02:00",
        "effect_end": "2026-08-12T21:00:00+02:00",
        "effect_date": "2026-08-12",
        "effect_time_note": "Controls may begin earlier or continue later for safety, congestion or full parking.",
        "description": "Motor-vehicle access is closed or regulated under the Balearic eclipse traffic plan.",
        "affected_transport_modes": "car;motorcycle;moped",
        "affected_modes": "car;motorcycle;moped",
        "exemptions": "accredited residents/property access;accredited workers;public transport;qualified accommodation/restaurant access;emergency/essential services;specifically authorized vehicles",
        "road_code": "Ma-4011",
        "road_location_reference": "km 1.000",
        "road_reference": "km 1.000",
        "direction": "",
        "planning_relevance": "private_vehicle_access_restricted",
        "geometry_quality": "official_road_reference_no_coordinates",
        "map_query": "Puig de Sant Salvador ascent, Felanitx, Spain",
        "source_urls": "https://www.caib.es/webgoib/es/-/mesures-de-control-restricci%C3%B3-i-tancament-3",
        "source_publisher": "Govern de les Illes Balears",
        "source_publishers": "Govern de les Illes Balears",
        "verification_timestamp": "2026-08-07T08:17:00+02:00",
        "last_verified": "2026-08-07T08:17:00+02:00",
        "notes": ""
      }
    },
    {
      "type": "Feature",
      "id": "bal-ma-18",
      "geometry": null,
      "properties": {
        "id": "bal-ma-18",
        "name": "Ermita de Betlem access",
        "autonomous_community": "Illes Balears",
        "province": "Illes Balears",
        "municipality": "Artà",
        "restriction_type": "motor_vehicle_access_control",
        "restriction_class": "motor_vehicle_access_control",
        "status": "confirmed",
        "confidence": "high",
        "effect_start": "2026-08-12T15:00:00+02:00",
        "effect_end": "2026-08-12T21:00:00+02:00",
        "effect_date": "2026-08-12",
        "effect_time_note": "Controls may begin earlier or continue later for safety, congestion or full parking.",
        "description": "Motor-vehicle access is closed or regulated under the Balearic eclipse traffic plan.",
        "affected_transport_modes": "car;motorcycle;moped",
        "affected_modes": "car;motorcycle;moped",
        "exemptions": "accredited residents/property access;accredited workers;public transport;qualified accommodation/restaurant access;emergency/essential services;specifically authorized vehicles",
        "road_code": "Ma-3333",
        "road_location_reference": "km 5.000",
        "road_reference": "km 5.000",
        "direction": "",
        "planning_relevance": "private_vehicle_access_restricted",
        "geometry_quality": "official_road_reference_no_coordinates",
        "map_query": "Ermita de Betlem access, Artà, Spain",
        "source_urls": "https://www.caib.es/webgoib/es/-/mesures-de-control-restricci%C3%B3-i-tancament-3",
        "source_publisher": "Govern de les Illes Balears",
        "source_publishers": "Govern de les Illes Balears",
        "verification_timestamp": "2026-08-07T08:17:00+02:00",
        "last_verified": "2026-08-07T08:17:00+02:00",
        "notes": ""
      }
    },
    {
      "type": "Feature",
      "id": "bal-ma-19",
      "geometry": null,
      "properties": {
        "id": "bal-ma-19",
        "name": "Ermita de Bonany ascent",
        "autonomous_community": "Illes Balears",
        "province": "Illes Balears",
        "municipality": "Petra",
        "restriction_type": "motor_vehicle_access_control",
        "restriction_class": "motor_vehicle_access_control",
        "status": "confirmed",
        "confidence": "high",
        "effect_start": "2026-08-12T15:00:00+02:00",
        "effect_end": "2026-08-12T21:00:00+02:00",
        "effect_date": "2026-08-12",
        "effect_time_note": "Controls may begin earlier or continue later for safety, congestion or full parking.",
        "description": "Motor-vehicle access is closed or regulated under the Balearic eclipse traffic plan.",
        "affected_transport_modes": "car;motorcycle;moped",
        "affected_modes": "car;motorcycle;moped",
        "exemptions": "accredited residents/property access;accredited workers;public transport;qualified accommodation/restaurant access;emergency/essential services;specifically authorized vehicles",
        "road_code": "",
        "road_location_reference": "start of ascent at Camí de Son Torrat",
        "road_reference": "start of ascent at Camí de Son Torrat",
        "direction": "",
        "planning_relevance": "private_vehicle_access_restricted",
        "geometry_quality": "official_road_reference_no_coordinates",
        "map_query": "Ermita de Bonany ascent, Petra, Spain",
        "source_urls": "https://www.caib.es/webgoib/es/-/mesures-de-control-restricci%C3%B3-i-tancament-3",
        "source_publisher": "Govern de les Illes Balears",
        "source_publishers": "Govern de les Illes Balears",
        "verification_timestamp": "2026-08-07T08:17:00+02:00",
        "last_verified": "2026-08-07T08:17:00+02:00",
        "notes": ""
      }
    },
    {
      "type": "Feature",
      "id": "bal-ma-20",
      "geometry": null,
      "properties": {
        "id": "bal-ma-20",
        "name": "Faro de ses Salines access",
        "autonomous_community": "Illes Balears",
        "province": "Illes Balears",
        "municipality": "Ses Salines",
        "restriction_type": "motor_vehicle_access_control",
        "restriction_class": "motor_vehicle_access_control",
        "status": "confirmed",
        "confidence": "high",
        "effect_start": "2026-08-12T15:00:00+02:00",
        "effect_end": "2026-08-12T21:00:00+02:00",
        "effect_date": "2026-08-12",
        "effect_time_note": "Controls may begin earlier or continue later for safety, congestion or full parking.",
        "description": "Motor-vehicle access is closed or regulated under the Balearic eclipse traffic plan.",
        "affected_transport_modes": "car;motorcycle;moped",
        "affected_modes": "car;motorcycle;moped",
        "exemptions": "accredited residents/property access;accredited workers;public transport;qualified accommodation/restaurant access;emergency/essential services;specifically authorized vehicles",
        "road_code": "Ma-6110",
        "road_location_reference": "restriction from start of road",
        "road_reference": "restriction from start of road",
        "direction": "",
        "planning_relevance": "private_vehicle_access_restricted",
        "geometry_quality": "official_road_reference_no_coordinates",
        "map_query": "Faro de ses Salines access, Ses Salines, Spain",
        "source_urls": "https://www.caib.es/webgoib/es/-/mesures-de-control-restricci%C3%B3-i-tancament-3",
        "source_publisher": "Govern de les Illes Balears",
        "source_publishers": "Govern de les Illes Balears",
        "verification_timestamp": "2026-08-07T08:17:00+02:00",
        "last_verified": "2026-08-07T08:17:00+02:00",
        "notes": ""
      }
    },
    {
      "type": "Feature",
      "id": "bal-ma-21",
      "geometry": null,
      "properties": {
        "id": "bal-ma-21",
        "name": "Es Trenc / Ses Covetes / Salines beach access",
        "autonomous_community": "Illes Balears",
        "province": "Illes Balears",
        "municipality": "Campos",
        "restriction_type": "motor_vehicle_access_control",
        "restriction_class": "motor_vehicle_access_control",
        "status": "confirmed",
        "confidence": "high",
        "effect_start": "2026-08-12T15:00:00+02:00",
        "effect_end": "2026-08-12T21:00:00+02:00",
        "effect_date": "2026-08-12",
        "effect_time_note": "Controls may begin earlier or continue later for safety, congestion or full parking.",
        "description": "Motor-vehicle access is closed or regulated under the Balearic eclipse traffic plan.",
        "affected_transport_modes": "car;motorcycle;moped",
        "affected_modes": "car;motorcycle;moped",
        "exemptions": "accredited residents/property access;accredited workers;public transport;qualified accommodation/restaurant access;emergency/essential services;specifically authorized vehicles",
        "road_code": "Ma-6040",
        "road_location_reference": "approximately km 9.000",
        "road_reference": "approximately km 9.000",
        "direction": "",
        "planning_relevance": "private_vehicle_access_restricted",
        "geometry_quality": "official_road_reference_no_coordinates",
        "map_query": "Es Trenc / Ses Covetes / Salines beach access, Campos, Spain",
        "source_urls": "https://www.caib.es/webgoib/es/-/mesures-de-control-restricci%C3%B3-i-tancament-3",
        "source_publisher": "Govern de les Illes Balears",
        "source_publishers": "Govern de les Illes Balears",
        "verification_timestamp": "2026-08-07T08:17:00+02:00",
        "last_verified": "2026-08-07T08:17:00+02:00",
        "notes": ""
      }
    },
    {
      "type": "Feature",
      "id": "bal-ma-formentor-seasonal-01",
      "geometry": null,
      "properties": {
        "id": "bal-ma-formentor-seasonal-01",
        "name": "Ma-2210 access to Formentor lighthouse (ordinary 2026 summer regime)",
        "autonomous_community": "Illes Balears",
        "province": "Illes Balears",
        "municipality": "Pollença",
        "restriction_type": "seasonal_motor_vehicle_access_ban",
        "restriction_class": "seasonal_motor_vehicle_access_ban",
        "status": "confirmed_existing",
        "confidence": "high",
        "effect_start": "2026-08-12T10:00:00+02:00",
        "effect_end": "2026-08-12T22:00:00+02:00",
        "effect_date": "2026-08-12",
        "effect_time_note": "",
        "description": "Ordinary 2026 summer regulation allows only authorized vehicles on the lighthouse section from 10:00 to 22:00; the DGT notes eclipse-specific measures may modify this regime.",
        "affected_transport_modes": "private_motor_vehicle",
        "affected_modes": "private_motor_vehicle",
        "exemptions": "TIB shuttle;authorized residents;cycles;emergency/services;eligible PMR vehicles",
        "road_code": "Ma-2210",
        "road_location_reference": "lighthouse section, barrier at PK 8+700",
        "road_reference": "lighthouse section, barrier at PK 8+700",
        "direction": "",
        "planning_relevance": "private_car_access_unavailable_even_before_special_eclipse_controls",
        "geometry_quality": "authority_named_place_no_boundary",
        "map_query": "Ma-2210 access to Formentor lighthouse (ordinary 2026 summer regime), Pollença, Spain",
        "source_urls": "https://www.dgt.es/export/sites/web-DGT/.galleries/downloads/estado-del-trafico/rutas-de-interes/2026_Formentor_ESP.pdf",
        "source_publisher": "DGT",
        "source_publishers": "DGT",
        "verification_timestamp": "2026-08-07T08:17:00+02:00",
        "last_verified": "2026-08-07T08:17:00+02:00",
        "notes": "Stopping/parking outside marked white parking spaces is also sanctionable under the published Formentor regime."
      }
    },
    {
      "type": "Feature",
      "id": "bal-me-01",
      "geometry": null,
      "properties": {
        "id": "bal-me-01",
        "name": "Camí de Tramuntana access",
        "autonomous_community": "Illes Balears",
        "province": "Illes Balears",
        "municipality": "Es Mercadal",
        "restriction_type": "motor_vehicle_access_control",
        "restriction_class": "motor_vehicle_access_control",
        "status": "confirmed",
        "confidence": "high",
        "effect_start": "2026-08-12T15:00:00+02:00",
        "effect_end": "2026-08-12T21:00:00+02:00",
        "effect_date": "2026-08-12",
        "effect_time_note": "Controls may begin earlier or continue later for safety, congestion or full parking.",
        "description": "Motor-vehicle access is closed or regulated under the Balearic eclipse traffic plan.",
        "affected_transport_modes": "car;motorcycle;moped",
        "affected_modes": "car;motorcycle;moped",
        "exemptions": "accredited residents/property access;accredited workers;public transport;qualified accommodation/restaurant access;emergency/essential services;specifically authorized vehicles",
        "road_code": "Me-15",
        "road_location_reference": "Es Mercadal – Me-15",
        "road_reference": "Es Mercadal – Me-15",
        "direction": "",
        "planning_relevance": "private_vehicle_access_restricted",
        "geometry_quality": "official_road_reference_no_coordinates",
        "map_query": "Camí de Tramuntana access, Es Mercadal, Spain",
        "source_urls": "https://www.caib.es/webgoib/es/-/mesures-de-control-restricci%C3%B3-i-tancament-3",
        "source_publisher": "Govern de les Illes Balears",
        "source_publishers": "Govern de les Illes Balears",
        "verification_timestamp": "2026-08-07T08:17:00+02:00",
        "last_verified": "2026-08-07T08:17:00+02:00",
        "notes": ""
      }
    },
    {
      "type": "Feature",
      "id": "bal-me-02",
      "geometry": null,
      "properties": {
        "id": "bal-me-02",
        "name": "Faro de Cavalleria access",
        "autonomous_community": "Illes Balears",
        "province": "Illes Balears",
        "municipality": "Es Mercadal",
        "restriction_type": "motor_vehicle_access_control",
        "restriction_class": "motor_vehicle_access_control",
        "status": "confirmed",
        "confidence": "high",
        "effect_start": "2026-08-12T15:00:00+02:00",
        "effect_end": "2026-08-12T21:00:00+02:00",
        "effect_date": "2026-08-12",
        "effect_time_note": "Controls may begin earlier or continue later for safety, congestion or full parking.",
        "description": "Motor-vehicle access is closed or regulated under the Balearic eclipse traffic plan.",
        "affected_transport_modes": "car;motorcycle;moped",
        "affected_modes": "car;motorcycle;moped",
        "exemptions": "accredited residents/property access;accredited workers;public transport;qualified accommodation/restaurant access;emergency/essential services;specifically authorized vehicles",
        "road_code": "CF-3",
        "road_location_reference": "Camí de Tramuntana – Faro de Cavalleria",
        "road_reference": "Camí de Tramuntana – Faro de Cavalleria",
        "direction": "",
        "planning_relevance": "private_vehicle_access_restricted",
        "geometry_quality": "official_road_reference_no_coordinates",
        "map_query": "Faro de Cavalleria access, Es Mercadal, Spain",
        "source_urls": "https://www.caib.es/webgoib/es/-/mesures-de-control-restricci%C3%B3-i-tancament-3",
        "source_publisher": "Govern de les Illes Balears",
        "source_publishers": "Govern de les Illes Balears",
        "verification_timestamp": "2026-08-07T08:17:00+02:00",
        "last_verified": "2026-08-07T08:17:00+02:00",
        "notes": ""
      }
    },
    {
      "type": "Feature",
      "id": "bal-me-03",
      "geometry": null,
      "properties": {
        "id": "bal-me-03",
        "name": "El Toro access",
        "autonomous_community": "Illes Balears",
        "province": "Illes Balears",
        "municipality": "Es Mercadal",
        "restriction_type": "motor_vehicle_access_control",
        "restriction_class": "motor_vehicle_access_control",
        "status": "confirmed",
        "confidence": "high",
        "effect_start": "2026-08-12T15:00:00+02:00",
        "effect_end": "2026-08-12T21:00:00+02:00",
        "effect_date": "2026-08-12",
        "effect_time_note": "Controls may begin earlier or continue later for safety, congestion or full parking.",
        "description": "Motor-vehicle access is closed or regulated under the Balearic eclipse traffic plan.",
        "affected_transport_modes": "car;motorcycle;moped",
        "affected_modes": "car;motorcycle;moped",
        "exemptions": "accredited residents/property access;accredited workers;public transport;qualified accommodation/restaurant access;emergency/essential services;specifically authorized vehicles",
        "road_code": "Me-13",
        "road_location_reference": "Es Mercadal – El Toro",
        "road_reference": "Es Mercadal – El Toro",
        "direction": "",
        "planning_relevance": "private_vehicle_access_restricted",
        "geometry_quality": "official_road_reference_no_coordinates",
        "map_query": "El Toro access, Es Mercadal, Spain",
        "source_urls": "https://www.caib.es/webgoib/es/-/mesures-de-control-restricci%C3%B3-i-tancament-3",
        "source_publisher": "Govern de les Illes Balears",
        "source_publishers": "Govern de les Illes Balears",
        "verification_timestamp": "2026-08-07T08:17:00+02:00",
        "last_verified": "2026-08-07T08:17:00+02:00",
        "notes": ""
      }
    },
    {
      "type": "Feature",
      "id": "bal-me-04",
      "geometry": null,
      "properties": {
        "id": "bal-me-04",
        "name": "Faro de Punta Nati access and parking",
        "autonomous_community": "Illes Balears",
        "province": "Illes Balears",
        "municipality": "Ciutadella",
        "restriction_type": "motor_vehicle_access_control",
        "restriction_class": "motor_vehicle_access_control",
        "status": "confirmed",
        "confidence": "high",
        "effect_start": "2026-08-12T08:00:00+02:00",
        "effect_end": "",
        "effect_date": "2026-08-12",
        "effect_time_note": "Vehicle access and the Punta Nati parking area close from 08:00.",
        "description": "Motor-vehicle access is closed or regulated under the Balearic eclipse traffic plan.",
        "affected_transport_modes": "car;motorcycle;moped",
        "affected_modes": "car;motorcycle;moped",
        "exemptions": "accredited residents/property access;accredited workers;public transport;qualified accommodation/restaurant access;emergency/essential services;specifically authorized vehicles",
        "road_code": "CF-5",
        "road_location_reference": "RC-1 – Faro de Punta Nati",
        "road_reference": "RC-1 – Faro de Punta Nati",
        "direction": "",
        "planning_relevance": "private_vehicle_access_restricted",
        "geometry_quality": "official_road_reference_no_coordinates",
        "map_query": "Faro de Punta Nati access and parking, Ciutadella, Spain",
        "source_urls": "https://www.caib.es/webgoib/es/-/mesures-de-control-restricci%C3%B3-i-tancament-3",
        "source_publisher": "Govern de les Illes Balears",
        "source_publishers": "Govern de les Illes Balears",
        "verification_timestamp": "2026-08-07T08:17:00+02:00",
        "last_verified": "2026-08-07T08:17:00+02:00",
        "notes": ""
      }
    },
    {
      "type": "Feature",
      "id": "bal-special-01",
      "geometry": null,
      "properties": {
        "id": "bal-special-01",
        "name": "Bosque de Bellver",
        "autonomous_community": "Illes Balears",
        "province": "Illes Balears",
        "municipality": "Palma",
        "restriction_type": "site_closure",
        "restriction_class": "site_closure",
        "status": "confirmed",
        "confidence": "high",
        "effect_start": "2026-08-12T00:00:00+02:00",
        "effect_end": "2026-08-12T23:59:59+02:00",
        "effect_date": "2026-08-12",
        "effect_time_note": "",
        "description": "Closed all day.",
        "affected_transport_modes": "pedestrian;vehicle_access;eclipse_observation",
        "affected_modes": "pedestrian;vehicle_access;eclipse_observation",
        "exemptions": "accredited residents/property access;accredited workers;public transport;qualified accommodation/restaurant access;emergency/essential services;specifically authorized vehicles",
        "road_code": "",
        "road_location_reference": "",
        "road_reference": "",
        "direction": "",
        "planning_relevance": "viewing_location_unavailable_or_vehicle_access_restricted",
        "geometry_quality": "authority_named_place_no_boundary",
        "map_query": "Bosque de Bellver, Palma, Spain",
        "source_urls": "https://www.caib.es/webgoib/es/-/mesures-de-control-restricci%C3%B3-i-tancament-3",
        "source_publisher": "Govern de les Illes Balears",
        "source_publishers": "Govern de les Illes Balears",
        "verification_timestamp": "2026-08-07T08:17:00+02:00",
        "last_verified": "2026-08-07T08:17:00+02:00",
        "notes": ""
      }
    },
    {
      "type": "Feature",
      "id": "bal-special-02",
      "geometry": null,
      "properties": {
        "id": "bal-special-02",
        "name": "Santa Ponça access control",
        "autonomous_community": "Illes Balears",
        "province": "Illes Balears",
        "municipality": "Calvià",
        "restriction_type": "capacity_based_access_closure",
        "restriction_class": "capacity_based_access_closure",
        "status": "confirmed",
        "confidence": "high",
        "effect_start": "2026-08-11T00:00:00+02:00",
        "effect_end": "",
        "effect_date": "2026-08-12",
        "effect_time_note": "",
        "description": "Access controls start 24 hours before the eclipse and close when official capacity is reached.",
        "affected_transport_modes": "vehicle_access",
        "affected_modes": "vehicle_access",
        "exemptions": "accredited residents/property access;accredited workers;public transport;qualified accommodation/restaurant access;emergency/essential services;specifically authorized vehicles",
        "road_code": "",
        "road_location_reference": "",
        "road_reference": "",
        "direction": "",
        "planning_relevance": "viewing_location_unavailable_or_vehicle_access_restricted",
        "geometry_quality": "authority_named_place_no_boundary",
        "map_query": "Santa Ponça access control, Calvià, Spain",
        "source_urls": "https://www.caib.es/webgoib/es/-/mesures-de-control-restricci%C3%B3-i-tancament-3",
        "source_publisher": "Govern de les Illes Balears",
        "source_publishers": "Govern de les Illes Balears",
        "verification_timestamp": "2026-08-07T08:17:00+02:00",
        "last_verified": "2026-08-07T08:17:00+02:00",
        "notes": ""
      }
    },
    {
      "type": "Feature",
      "id": "bal-special-03",
      "geometry": null,
      "properties": {
        "id": "bal-special-03",
        "name": "Puig de sa Morisca",
        "autonomous_community": "Illes Balears",
        "province": "Illes Balears",
        "municipality": "Calvià",
        "restriction_type": "site_access_prohibited",
        "restriction_class": "site_access_prohibited",
        "status": "confirmed",
        "confidence": "high",
        "effect_start": "",
        "effect_end": "",
        "effect_date": "2026-08-12",
        "effect_time_note": "",
        "description": "Public access prohibited under the Santa Ponça device.",
        "affected_transport_modes": "pedestrian;vehicle_access;eclipse_observation",
        "affected_modes": "pedestrian;vehicle_access;eclipse_observation",
        "exemptions": "accredited residents/property access;accredited workers;public transport;qualified accommodation/restaurant access;emergency/essential services;specifically authorized vehicles",
        "road_code": "",
        "road_location_reference": "",
        "road_reference": "",
        "direction": "",
        "planning_relevance": "viewing_location_unavailable_or_vehicle_access_restricted",
        "geometry_quality": "authority_named_place_no_boundary",
        "map_query": "Puig de sa Morisca, Calvià, Spain",
        "source_urls": "https://www.caib.es/webgoib/es/-/mesures-de-control-restricci%C3%B3-i-tancament-3",
        "source_publisher": "Govern de les Illes Balears",
        "source_publishers": "Govern de les Illes Balears",
        "verification_timestamp": "2026-08-07T08:17:00+02:00",
        "last_verified": "2026-08-07T08:17:00+02:00",
        "notes": ""
      }
    },
    {
      "type": "Feature",
      "id": "bal-special-04",
      "geometry": null,
      "properties": {
        "id": "bal-special-04",
        "name": "El Toro viewpoints (Calvià)",
        "autonomous_community": "Illes Balears",
        "province": "Illes Balears",
        "municipality": "Calvià",
        "restriction_type": "site_access_prohibited",
        "restriction_class": "site_access_prohibited",
        "status": "confirmed",
        "confidence": "high",
        "effect_start": "",
        "effect_end": "",
        "effect_date": "2026-08-12",
        "effect_time_note": "",
        "description": "Public access prohibited under the Santa Ponça device.",
        "affected_transport_modes": "pedestrian;vehicle_access;eclipse_observation",
        "affected_modes": "pedestrian;vehicle_access;eclipse_observation",
        "exemptions": "accredited residents/property access;accredited workers;public transport;qualified accommodation/restaurant access;emergency/essential services;specifically authorized vehicles",
        "road_code": "",
        "road_location_reference": "",
        "road_reference": "",
        "direction": "",
        "planning_relevance": "viewing_location_unavailable_or_vehicle_access_restricted",
        "geometry_quality": "authority_named_place_no_boundary",
        "map_query": "El Toro viewpoints (Calvià), Calvià, Spain",
        "source_urls": "https://www.caib.es/webgoib/es/-/mesures-de-control-restricci%C3%B3-i-tancament-3",
        "source_publisher": "Govern de les Illes Balears",
        "source_publishers": "Govern de les Illes Balears",
        "verification_timestamp": "2026-08-07T08:17:00+02:00",
        "last_verified": "2026-08-07T08:17:00+02:00",
        "notes": ""
      }
    },
    {
      "type": "Feature",
      "id": "bal-special-05",
      "geometry": null,
      "properties": {
        "id": "bal-special-05",
        "name": "Illes Malgrats viewpoints",
        "autonomous_community": "Illes Balears",
        "province": "Illes Balears",
        "municipality": "Calvià",
        "restriction_type": "site_access_prohibited",
        "restriction_class": "site_access_prohibited",
        "status": "confirmed",
        "confidence": "high",
        "effect_start": "",
        "effect_end": "",
        "effect_date": "2026-08-12",
        "effect_time_note": "",
        "description": "Public access prohibited under the Santa Ponça device.",
        "affected_transport_modes": "pedestrian;vehicle_access;eclipse_observation",
        "affected_modes": "pedestrian;vehicle_access;eclipse_observation",
        "exemptions": "accredited residents/property access;accredited workers;public transport;qualified accommodation/restaurant access;emergency/essential services;specifically authorized vehicles",
        "road_code": "",
        "road_location_reference": "",
        "road_reference": "",
        "direction": "",
        "planning_relevance": "viewing_location_unavailable_or_vehicle_access_restricted",
        "geometry_quality": "authority_named_place_no_boundary",
        "map_query": "Illes Malgrats viewpoints, Calvià, Spain",
        "source_urls": "https://www.caib.es/webgoib/es/-/mesures-de-control-restricci%C3%B3-i-tancament-3",
        "source_publisher": "Govern de les Illes Balears",
        "source_publishers": "Govern de les Illes Balears",
        "verification_timestamp": "2026-08-07T08:17:00+02:00",
        "last_verified": "2026-08-07T08:17:00+02:00",
        "notes": ""
      }
    },
    {
      "type": "Feature",
      "id": "bal-special-06",
      "geometry": null,
      "properties": {
        "id": "bal-special-06",
        "name": "Ciutadella official observation-zone roads",
        "autonomous_community": "Illes Balears",
        "province": "Illes Balears",
        "municipality": "Ciutadella",
        "restriction_type": "traffic_closure",
        "restriction_class": "traffic_closure",
        "status": "confirmed",
        "confidence": "high",
        "effect_start": "2026-08-12T17:00:00+02:00",
        "effect_end": "",
        "effect_date": "2026-08-12",
        "effect_time_note": "",
        "description": "Traffic closes in Cala en Blanes, Son Oleo–Son Blanc, Cala Blanca B/C and Cap d'Artrutx seafront observation zones; may begin earlier.",
        "affected_transport_modes": "vehicle_access",
        "affected_modes": "vehicle_access",
        "exemptions": "accredited residents/property access;accredited workers;public transport;qualified accommodation/restaurant access;emergency/essential services;specifically authorized vehicles",
        "road_code": "",
        "road_location_reference": "",
        "road_reference": "",
        "direction": "",
        "planning_relevance": "viewing_location_unavailable_or_vehicle_access_restricted",
        "geometry_quality": "authority_named_place_no_boundary",
        "map_query": "Ciutadella official observation-zone roads, Ciutadella, Spain",
        "source_urls": "https://www.caib.es/webgoib/es/-/mesures-de-control-restricci%C3%B3-i-tancament-3",
        "source_publisher": "Govern de les Illes Balears",
        "source_publishers": "Govern de les Illes Balears",
        "verification_timestamp": "2026-08-07T08:17:00+02:00",
        "last_verified": "2026-08-07T08:17:00+02:00",
        "notes": ""
      }
    },
    {
      "type": "Feature",
      "id": "cantabria-fire-01",
      "geometry": null,
      "properties": {
        "id": "cantabria-fire-01",
        "name": "Entire territory of Cantabria",
        "autonomous_community": "Cantabria",
        "province": "Cantabria",
        "municipality": "",
        "restriction_type": "fire_related_activity_suspension",
        "restriction_class": "fire_related_activity_suspension",
        "status": "confirmed",
        "confidence": "high",
        "effect_start": "2026-08-11T12:00:00+02:00",
        "effect_end": "2026-08-13T12:00:00+02:00",
        "effect_date": "2026-08-12",
        "effect_time_note": "",
        "description": "Activities involving use of fire are suspended as an eclipse-period wildfire-prevention measure; this is not a general forest-entry ban.",
        "affected_transport_modes": "activities_using_fire",
        "affected_modes": "activities_using_fire",
        "exemptions": "",
        "road_code": "",
        "road_location_reference": "",
        "road_reference": "",
        "direction": "",
        "planning_relevance": "viewing_access_not_banned_activity_only",
        "geometry_quality": "authority_named_place_no_boundary",
        "map_query": "Entire territory of Cantabria, Cantabria, Spain",
        "source_urls": "https://noticias.juridicas.com/base_datos/CCAA/1003100-r-desarrollo-rural-ganaderia-pesca-y-alimentacion-12-jun-2026-ca-cantabria.html",
        "source_publisher": "Gobierno de Cantabria / legal republication",
        "source_publishers": "Gobierno de Cantabria / legal republication",
        "verification_timestamp": "2026-08-07T08:17:00+02:00",
        "last_verified": "2026-08-07T08:17:00+02:00",
        "notes": ""
      }
    },
    {
      "type": "Feature",
      "id": "cantabria-obs-01",
      "geometry": null,
      "properties": {
        "id": "cantabria-obs-01",
        "name": "Costa Quebrada (Cabo Mayor–Liéncres)",
        "autonomous_community": "Cantabria",
        "province": "Cantabria",
        "municipality": "Santander/Piélagos",
        "restriction_type": "private_vehicle_access_restriction",
        "restriction_class": "private_vehicle_access_restriction",
        "status": "reported_government_measure",
        "confidence": "high",
        "effect_start": "",
        "effect_end": "",
        "effect_date": "2026-08-12",
        "effect_time_note": "",
        "description": "Private-vehicle traffic will be restricted in this preferred eclipse observation zone and shuttle access will be provided under the regional emergency plan.",
        "affected_transport_modes": "private_motor_vehicle",
        "affected_modes": "private_motor_vehicle",
        "exemptions": "",
        "road_code": "",
        "road_location_reference": "",
        "road_reference": "",
        "direction": "",
        "planning_relevance": "private_car_access_restricted",
        "geometry_quality": "authority_named_place_no_boundary",
        "map_query": "Costa Quebrada (Cabo Mayor–Liéncres), Santander/Piélagos, Spain",
        "source_urls": "https://cadenaser.com/cantabria/2026/07/20/cantabria-identifica-cinco-zonas-preferentes-para-observar-el-eclipse-de-sol-radio-santander/",
        "source_publisher": "Cadena SER / EFE quoting Gobierno de Cantabria",
        "source_publishers": "Cadena SER / EFE quoting Gobierno de Cantabria",
        "verification_timestamp": "2026-08-07T08:17:00+02:00",
        "last_verified": "2026-08-07T08:17:00+02:00",
        "notes": ""
      }
    },
    {
      "type": "Feature",
      "id": "cantabria-obs-02",
      "geometry": null,
      "properties": {
        "id": "cantabria-obs-02",
        "name": "Peña Cabarga",
        "autonomous_community": "Cantabria",
        "province": "Cantabria",
        "municipality": "Medio Cudeyo",
        "restriction_type": "private_vehicle_access_restriction",
        "restriction_class": "private_vehicle_access_restriction",
        "status": "reported_government_measure",
        "confidence": "high",
        "effect_start": "",
        "effect_end": "",
        "effect_date": "2026-08-12",
        "effect_time_note": "",
        "description": "Private-vehicle traffic will be restricted in this preferred eclipse observation zone and shuttle access will be provided under the regional emergency plan.",
        "affected_transport_modes": "private_motor_vehicle",
        "affected_modes": "private_motor_vehicle",
        "exemptions": "",
        "road_code": "",
        "road_location_reference": "",
        "road_reference": "",
        "direction": "",
        "planning_relevance": "private_car_access_restricted",
        "geometry_quality": "authority_named_place_no_boundary",
        "map_query": "Peña Cabarga, Medio Cudeyo, Spain",
        "source_urls": "https://cadenaser.com/cantabria/2026/07/20/cantabria-identifica-cinco-zonas-preferentes-para-observar-el-eclipse-de-sol-radio-santander/",
        "source_publisher": "Cadena SER / EFE quoting Gobierno de Cantabria",
        "source_publishers": "Cadena SER / EFE quoting Gobierno de Cantabria",
        "verification_timestamp": "2026-08-07T08:17:00+02:00",
        "last_verified": "2026-08-07T08:17:00+02:00",
        "notes": ""
      }
    },
    {
      "type": "Feature",
      "id": "cantabria-obs-03",
      "geometry": null,
      "properties": {
        "id": "cantabria-obs-03",
        "name": "Ajo observation area",
        "autonomous_community": "Cantabria",
        "province": "Cantabria",
        "municipality": "Bareyo",
        "restriction_type": "private_vehicle_access_restriction",
        "restriction_class": "private_vehicle_access_restriction",
        "status": "reported_government_measure",
        "confidence": "high",
        "effect_start": "",
        "effect_end": "",
        "effect_date": "2026-08-12",
        "effect_time_note": "",
        "description": "Private-vehicle traffic will be restricted in this preferred eclipse observation zone and shuttle access will be provided under the regional emergency plan.",
        "affected_transport_modes": "private_motor_vehicle",
        "affected_modes": "private_motor_vehicle",
        "exemptions": "",
        "road_code": "",
        "road_location_reference": "",
        "road_reference": "",
        "direction": "",
        "planning_relevance": "private_car_access_restricted",
        "geometry_quality": "authority_named_place_no_boundary",
        "map_query": "Ajo observation area, Bareyo, Spain",
        "source_urls": "https://cadenaser.com/cantabria/2026/07/20/cantabria-identifica-cinco-zonas-preferentes-para-observar-el-eclipse-de-sol-radio-santander/",
        "source_publisher": "Cadena SER / EFE quoting Gobierno de Cantabria",
        "source_publishers": "Cadena SER / EFE quoting Gobierno de Cantabria",
        "verification_timestamp": "2026-08-07T08:17:00+02:00",
        "last_verified": "2026-08-07T08:17:00+02:00",
        "notes": ""
      }
    },
    {
      "type": "Feature",
      "id": "cantabria-obs-04",
      "geometry": null,
      "properties": {
        "id": "cantabria-obs-04",
        "name": "Suances observation area",
        "autonomous_community": "Cantabria",
        "province": "Cantabria",
        "municipality": "Suances",
        "restriction_type": "private_vehicle_access_restriction",
        "restriction_class": "private_vehicle_access_restriction",
        "status": "reported_government_measure",
        "confidence": "high",
        "effect_start": "",
        "effect_end": "",
        "effect_date": "2026-08-12",
        "effect_time_note": "",
        "description": "Private-vehicle traffic will be restricted in this preferred eclipse observation zone and shuttle access will be provided under the regional emergency plan.",
        "affected_transport_modes": "private_motor_vehicle",
        "affected_modes": "private_motor_vehicle",
        "exemptions": "",
        "road_code": "",
        "road_location_reference": "",
        "road_reference": "",
        "direction": "",
        "planning_relevance": "private_car_access_restricted",
        "geometry_quality": "authority_named_place_no_boundary",
        "map_query": "Suances observation area, Suances, Spain",
        "source_urls": "https://cadenaser.com/cantabria/2026/07/20/cantabria-identifica-cinco-zonas-preferentes-para-observar-el-eclipse-de-sol-radio-santander/",
        "source_publisher": "Cadena SER / EFE quoting Gobierno de Cantabria",
        "source_publishers": "Cadena SER / EFE quoting Gobierno de Cantabria",
        "verification_timestamp": "2026-08-07T08:17:00+02:00",
        "last_verified": "2026-08-07T08:17:00+02:00",
        "notes": ""
      }
    },
    {
      "type": "Feature",
      "id": "cantabria-obs-05",
      "geometry": null,
      "properties": {
        "id": "cantabria-obs-05",
        "name": "Páramo de La Lora",
        "autonomous_community": "Cantabria",
        "province": "Cantabria",
        "municipality": "Valderredible",
        "restriction_type": "private_vehicle_access_restriction",
        "restriction_class": "private_vehicle_access_restriction",
        "status": "reported_government_measure",
        "confidence": "high",
        "effect_start": "",
        "effect_end": "",
        "effect_date": "2026-08-12",
        "effect_time_note": "",
        "description": "Private-vehicle traffic will be restricted in this preferred eclipse observation zone and shuttle access will be provided under the regional emergency plan.",
        "affected_transport_modes": "private_motor_vehicle",
        "affected_modes": "private_motor_vehicle",
        "exemptions": "",
        "road_code": "",
        "road_location_reference": "",
        "road_reference": "",
        "direction": "",
        "planning_relevance": "private_car_access_restricted",
        "geometry_quality": "authority_named_place_no_boundary",
        "map_query": "Páramo de La Lora, Valderredible, Spain",
        "source_urls": "https://cadenaser.com/cantabria/2026/07/20/cantabria-identifica-cinco-zonas-preferentes-para-observar-el-eclipse-de-sol-radio-santander/",
        "source_publisher": "Cadena SER / EFE quoting Gobierno de Cantabria",
        "source_publishers": "Cadena SER / EFE quoting Gobierno de Cantabria",
        "verification_timestamp": "2026-08-07T08:17:00+02:00",
        "last_verified": "2026-08-07T08:17:00+02:00",
        "notes": ""
      }
    },
    {
      "type": "Feature",
      "id": "cat-access-01",
      "geometry": null,
      "properties": {
        "id": "cat-access-01",
        "name": "Municipal access-regulation zone: lower Ebro and mountain sites",
        "autonomous_community": "Catalunya",
        "province": "Tarragona",
        "municipality": "L'Ampolla;L'Aldea;Deltebre;Sant Jaume d'Enveja;Amposta;La Ràpita;Alforja;Vilanova de Prades",
        "restriction_type": "access_regulation_announced",
        "restriction_class": "access_regulation_announced",
        "status": "confirmed_framework_details_pending",
        "confidence": "medium",
        "effect_start": "",
        "effect_end": "",
        "effect_date": "2026-08-12",
        "effect_time_note": "",
        "description": "Special access regulation, dedicated parking and walking routes are announced in the named municipalities; exact local control points/hours are not all published.",
        "affected_transport_modes": "vehicle_access;parking",
        "affected_modes": "vehicle_access;parking",
        "exemptions": "",
        "road_code": "",
        "road_location_reference": "",
        "road_reference": "",
        "direction": "",
        "planning_relevance": "local_access_controls_expected",
        "geometry_quality": "authority_named_place_no_boundary",
        "map_query": "Municipal access-regulation zone: lower Ebro and mountain sites, L'Ampolla;L'Aldea;Deltebre;Sant Jaume d'Enveja;Amposta;La Ràpita;Alforja;Vilanova de Prades, Spain",
        "source_urls": "https://web.gencat.cat/ca/inici/actualitat/dispositiu-eclpisi-solar-12-agost",
        "source_publisher": "Generalitat de Catalunya",
        "source_publishers": "Generalitat de Catalunya",
        "verification_timestamp": "2026-08-07T08:17:00+02:00",
        "last_verified": "2026-08-07T08:17:00+02:00",
        "notes": ""
      }
    },
    {
      "type": "Feature",
      "id": "cat-gi-capcreus-01",
      "geometry": null,
      "properties": {
        "id": "cat-gi-capcreus-01",
        "name": "Road Cadaqués–Faro de Cap de Creus",
        "autonomous_community": "Catalunya",
        "province": "Girona",
        "municipality": "Cadaqués",
        "restriction_type": "seasonal_motor_vehicle_access_ban",
        "restriction_class": "seasonal_motor_vehicle_access_ban",
        "status": "confirmed_existing",
        "confidence": "high",
        "effect_start": "2026-08-12T09:30:00+02:00",
        "effect_end": "2026-08-12T21:30:00+02:00",
        "effect_date": "2026-08-12",
        "effect_time_note": "",
        "description": "As part of the 2026 seasonal regulation, cars and motorcycles may not use the road between Cadaqués and the Cap de Creus lighthouse during the stated hours every day in August.",
        "affected_transport_modes": "car;motorcycle",
        "affected_modes": "car;motorcycle",
        "exemptions": "",
        "road_code": "",
        "road_location_reference": "Cadaqués–Faro de Cap de Creus",
        "road_reference": "Cadaqués–Faro de Cap de Creus",
        "direction": "",
        "planning_relevance": "private_car_access_unavailable_during_eclipse",
        "geometry_quality": "authority_named_place_no_boundary",
        "map_query": "Road Cadaqués–Faro de Cap de Creus, Cadaqués, Spain",
        "source_urls": "https://parcsnaturals.gencat.cat/es/xarxa-de-parcs/cap-creus/gaudeix-del-parc/com-accedir-hi/index.html",
        "source_publisher": "Parcs Naturals de Catalunya / Generalitat de Catalunya",
        "source_publishers": "Parcs Naturals de Catalunya / Generalitat de Catalunya",
        "verification_timestamp": "2026-08-07T08:17:00+02:00",
        "last_verified": "2026-08-07T08:17:00+02:00",
        "notes": ""
      }
    },
    {
      "type": "Feature",
      "id": "cat-site-01",
      "geometry": null,
      "properties": {
        "id": "cat-site-01",
        "name": "Observatori de l'Ebre",
        "autonomous_community": "Catalunya",
        "province": "Tarragona",
        "municipality": "Roquetes",
        "restriction_type": "site_closure",
        "restriction_class": "site_closure",
        "status": "confirmed",
        "confidence": "high",
        "effect_start": "",
        "effect_end": "",
        "effect_date": "2026-08-12",
        "effect_time_note": "",
        "description": "The observatory will remain closed to the public on eclipse day because of limited capacity.",
        "affected_transport_modes": "public_entry;eclipse_observation",
        "affected_modes": "public_entry;eclipse_observation",
        "exemptions": "",
        "road_code": "",
        "road_location_reference": "",
        "road_reference": "",
        "direction": "",
        "planning_relevance": "viewing_location_unavailable",
        "geometry_quality": "authority_named_place_no_boundary",
        "map_query": "Observatori de l'Ebre, Roquetes, Spain",
        "source_urls": "https://observatoriebre.gencat.cat/en/detalls/noticia/20250527-eclipsi-solar-total-2026",
        "source_publisher": "Observatori de l'Ebre / Generalitat de Catalunya",
        "source_publishers": "Observatori de l'Ebre / Generalitat de Catalunya",
        "verification_timestamp": "2026-08-07T08:17:00+02:00",
        "last_verified": "2026-08-07T08:17:00+02:00",
        "notes": ""
      }
    },
    {
      "type": "Feature",
      "id": "cat-t-prades-camping-01",
      "geometry": null,
      "properties": {
        "id": "cat-t-prades-camping-01",
        "name": "Prades municipality",
        "autonomous_community": "Catalunya",
        "province": "Tarragona",
        "municipality": "Prades",
        "restriction_type": "camping_prohibition",
        "restriction_class": "camping_prohibition",
        "status": "reported_confirmed",
        "confidence": "high",
        "effect_start": "",
        "effect_end": "",
        "effect_date": "2026-08-12",
        "effect_time_note": "",
        "description": "Camping is prohibited throughout the municipal area under the eclipse plan.",
        "affected_transport_modes": "camping",
        "affected_modes": "camping",
        "exemptions": "",
        "road_code": "",
        "road_location_reference": "",
        "road_reference": "",
        "direction": "",
        "planning_relevance": "wild_camping_unavailable",
        "geometry_quality": "authority_named_place_no_boundary",
        "map_query": "Prades municipality, Prades, Spain",
        "source_urls": "https://www.diaridetarragona.com/reus/266543/prades-blinda-eclipse-12-agosto-parking-reserva-espacios-naturales-cerrados_amp.html",
        "source_publisher": "Diari de Tarragona quoting Ayuntamiento de Prades",
        "source_publishers": "Diari de Tarragona quoting Ayuntamiento de Prades",
        "verification_timestamp": "2026-08-07T08:17:00+02:00",
        "last_verified": "2026-08-07T08:17:00+02:00",
        "notes": ""
      }
    },
    {
      "type": "Feature",
      "id": "cat-t-prades-forestroads-01",
      "geometry": null,
      "properties": {
        "id": "cat-t-prades-forestroads-01",
        "name": "All forest/rural roads in Prades municipality",
        "autonomous_community": "Catalunya",
        "province": "Tarragona",
        "municipality": "Prades",
        "restriction_type": "forest_road_closure",
        "restriction_class": "forest_road_closure",
        "status": "reported_confirmed",
        "confidence": "high",
        "effect_start": "",
        "effect_end": "",
        "effect_date": "2026-08-12",
        "effect_time_note": "",
        "description": "All forest/rural roads in the municipality are to be closed/restricted to prevent access to natural areas and reduce wildfire/crowding risk.",
        "affected_transport_modes": "motor_vehicle",
        "affected_modes": "motor_vehicle",
        "exemptions": "",
        "road_code": "",
        "road_location_reference": "",
        "road_reference": "",
        "direction": "",
        "planning_relevance": "forest_vehicle_access_unavailable",
        "geometry_quality": "authority_named_place_no_boundary",
        "map_query": "All forest/rural roads in Prades municipality, Prades, Spain",
        "source_urls": "https://www.diaridetarragona.com/reus/266543/prades-blinda-eclipse-12-agosto-parking-reserva-espacios-naturales-cerrados_amp.html",
        "source_publisher": "Diari de Tarragona quoting Ayuntamiento de Prades",
        "source_publishers": "Diari de Tarragona quoting Ayuntamiento de Prades",
        "verification_timestamp": "2026-08-07T08:17:00+02:00",
        "last_verified": "2026-08-07T08:17:00+02:00",
        "notes": ""
      }
    },
    {
      "type": "Feature",
      "id": "cat-t-prades-natural-01",
      "geometry": null,
      "properties": {
        "id": "cat-t-prades-natural-01",
        "name": "Pla de la Guàrdia and Ermita de l'Abellera surroundings",
        "autonomous_community": "Catalunya",
        "province": "Tarragona",
        "municipality": "Prades",
        "restriction_type": "natural_area_access_restriction",
        "restriction_class": "natural_area_access_restriction",
        "status": "reported_confirmed",
        "confidence": "high",
        "effect_start": "",
        "effect_end": "",
        "effect_date": "2026-08-12",
        "effect_time_note": "",
        "description": "These forest/natural areas are specifically identified as restricted to prevent concentrations in woodland.",
        "affected_transport_modes": "public_access;vehicle_access",
        "affected_modes": "public_access;vehicle_access",
        "exemptions": "",
        "road_code": "",
        "road_location_reference": "",
        "road_reference": "",
        "direction": "",
        "planning_relevance": "viewing_location_unavailable_or_restricted",
        "geometry_quality": "authority_named_place_no_boundary",
        "map_query": "Pla de la Guàrdia and Ermita de l'Abellera surroundings, Prades, Spain",
        "source_urls": "https://www.diaridetarragona.com/reus/266543/prades-blinda-eclipse-12-agosto-parking-reserva-espacios-naturales-cerrados_amp.html",
        "source_publisher": "Diari de Tarragona quoting Ayuntamiento de Prades",
        "source_publishers": "Diari de Tarragona quoting Ayuntamiento de Prades",
        "verification_timestamp": "2026-08-07T08:17:00+02:00",
        "last_verified": "2026-08-07T08:17:00+02:00",
        "notes": ""
      }
    },
    {
      "type": "Feature",
      "id": "cat-t-prades-parking-01",
      "geometry": null,
      "properties": {
        "id": "cat-t-prades-parking-01",
        "name": "Prades eclipse parking",
        "autonomous_community": "Catalunya",
        "province": "Tarragona",
        "municipality": "Prades",
        "restriction_type": "reservation_only_parking_and_conditional_town_access",
        "restriction_class": "reservation_only_parking_and_conditional_town_access",
        "status": "reported_confirmed",
        "confidence": "high",
        "effect_start": "",
        "effect_end": "",
        "effect_date": "2026-08-12",
        "effect_time_note": "",
        "description": "Dedicated eclipse parking requires advance reservation and payment. When planned capacity is reached, the municipality intends to ask traffic authorities to divert additional incoming traffic; residents/property owners retain access.",
        "affected_transport_modes": "parking;motor_vehicle",
        "affected_modes": "parking;motor_vehicle",
        "exemptions": "residents;property owners",
        "road_code": "",
        "road_location_reference": "",
        "road_reference": "",
        "direction": "",
        "planning_relevance": "arrival_without_parking_reservation_risky_access_may_close",
        "geometry_quality": "authority_named_place_no_boundary",
        "map_query": "Prades eclipse parking, Prades, Spain",
        "source_urls": "https://www.diaridetarragona.com/reus/266543/prades-blinda-eclipse-12-agosto-parking-reserva-espacios-naturales-cerrados_amp.html",
        "source_publisher": "Diari de Tarragona quoting Ayuntamiento de Prades",
        "source_publishers": "Diari de Tarragona quoting Ayuntamiento de Prades",
        "verification_timestamp": "2026-08-07T08:17:00+02:00",
        "last_verified": "2026-08-07T08:17:00+02:00",
        "notes": ""
      }
    },
    {
      "type": "Feature",
      "id": "cat-traffic-01",
      "geometry": null,
      "properties": {
        "id": "cat-traffic-01",
        "name": "AP-7 southbound Martorell–Ulldecona",
        "autonomous_community": "Catalunya",
        "province": "Barcelona;Tarragona",
        "municipality": "",
        "restriction_type": "heavy_vehicle_circulation_ban",
        "restriction_class": "heavy_vehicle_circulation_ban",
        "status": "confirmed",
        "confidence": "high",
        "effect_start": "2026-08-12T14:00:00+02:00",
        "effect_end": "2026-08-13T00:00:00+02:00",
        "effect_date": "2026-08-12",
        "effect_time_note": "",
        "description": "Heavy vehicles are prohibited southbound between Martorell and Ulldecona.",
        "affected_transport_modes": "heavy_goods_vehicle",
        "affected_modes": "heavy_goods_vehicle",
        "exemptions": "",
        "road_code": "AP-7",
        "road_location_reference": "Martorell–Ulldecona",
        "road_reference": "Martorell–Ulldecona",
        "direction": "southbound",
        "planning_relevance": "passenger_cars_not_directly_restricted",
        "geometry_quality": "authority_named_place_no_boundary",
        "map_query": "AP-7 southbound Martorell–Ulldecona, Barcelona;Tarragona, Spain",
        "source_urls": "https://web.gencat.cat/ca/inici/actualitat/dispositiu-eclpisi-solar-12-agost",
        "source_publisher": "Generalitat de Catalunya",
        "source_publishers": "Generalitat de Catalunya",
        "verification_timestamp": "2026-08-07T08:17:00+02:00",
        "last_verified": "2026-08-07T08:17:00+02:00",
        "notes": ""
      }
    },
    {
      "type": "Feature",
      "id": "cat-traffic-02",
      "geometry": null,
      "properties": {
        "id": "cat-traffic-02",
        "name": "N-340 Vilafranca del Penedès–Ulldecona",
        "autonomous_community": "Catalunya",
        "province": "Barcelona;Tarragona",
        "municipality": "",
        "restriction_type": "heavy_vehicle_circulation_ban",
        "restriction_class": "heavy_vehicle_circulation_ban",
        "status": "confirmed",
        "confidence": "high",
        "effect_start": "2026-08-12T14:00:00+02:00",
        "effect_end": "2026-08-13T00:00:00+02:00",
        "effect_date": "2026-08-12",
        "effect_time_note": "",
        "description": "Heavy-vehicle circulation is restricted on the N-340 between Vilafranca del Penedès and Ulldecona.",
        "affected_transport_modes": "heavy_goods_vehicle",
        "affected_modes": "heavy_goods_vehicle",
        "exemptions": "",
        "road_code": "N-340",
        "road_location_reference": "Vilafranca del Penedès–Ulldecona",
        "road_reference": "Vilafranca del Penedès–Ulldecona",
        "direction": "",
        "planning_relevance": "passenger_cars_not_directly_restricted",
        "geometry_quality": "authority_named_place_no_boundary",
        "map_query": "N-340 Vilafranca del Penedès–Ulldecona, Barcelona;Tarragona, Spain",
        "source_urls": "https://web.gencat.cat/ca/inici/actualitat/dispositiu-eclpisi-solar-12-agost",
        "source_publisher": "Generalitat de Catalunya",
        "source_publishers": "Generalitat de Catalunya",
        "verification_timestamp": "2026-08-07T08:17:00+02:00",
        "last_verified": "2026-08-07T08:17:00+02:00",
        "notes": ""
      }
    },
    {
      "type": "Feature",
      "id": "cat-traffic-03",
      "geometry": null,
      "properties": {
        "id": "cat-traffic-03",
        "name": "Northbound Ulldecona–El Vendrell heavy-vehicle lane rule",
        "autonomous_community": "Catalunya",
        "province": "Tarragona",
        "municipality": "",
        "restriction_type": "heavy_vehicle_lane_speed_overtaking_restriction",
        "restriction_class": "heavy_vehicle_lane_speed_overtaking_restriction",
        "status": "confirmed",
        "confidence": "high",
        "effect_start": "2026-08-12T14:00:00+02:00",
        "effect_end": "2026-08-13T00:00:00+02:00",
        "effect_date": "2026-08-12",
        "effect_time_note": "",
        "description": "Northbound heavy vehicles must remain in the right lane, travel at no more than 80 km/h and may not overtake.",
        "affected_transport_modes": "heavy_goods_vehicle",
        "affected_modes": "heavy_goods_vehicle",
        "exemptions": "",
        "road_code": "",
        "road_location_reference": "Ulldecona–El Vendrell",
        "road_reference": "Ulldecona–El Vendrell",
        "direction": "northbound",
        "planning_relevance": "passenger_cars_not_directly_restricted",
        "geometry_quality": "authority_named_place_no_boundary",
        "map_query": "Northbound Ulldecona–El Vendrell heavy-vehicle lane rule, Tarragona, Spain",
        "source_urls": "https://web.gencat.cat/ca/inici/actualitat/dispositiu-eclpisi-solar-12-agost",
        "source_publisher": "Generalitat de Catalunya",
        "source_publishers": "Generalitat de Catalunya",
        "verification_timestamp": "2026-08-07T08:17:00+02:00",
        "last_verified": "2026-08-07T08:17:00+02:00",
        "notes": ""
      }
    },
    {
      "type": "Feature",
      "id": "cv-cs-castello-beachparking-01",
      "geometry": null,
      "properties": {
        "id": "cv-cs-castello-beachparking-01",
        "name": "Castelló beach-zone eclipse parking",
        "autonomous_community": "Comunitat Valenciana",
        "province": "Castellón",
        "municipality": "Castelló de la Plana",
        "restriction_type": "capacity_based_parking_closure",
        "restriction_class": "capacity_based_parking_closure",
        "status": "planned_confirmed",
        "confidence": "medium_high",
        "effect_start": "",
        "effect_end": "",
        "effect_date": "2026-08-12",
        "effect_time_note": "Destination parking remains open only until capacity is reached.",
        "description": "The two parking areas on avenida Ferrandis Salvador and the San Huberto parking area are designated destination parkings and will cease accepting vehicles when full.",
        "affected_transport_modes": "parking;private_motor_vehicle",
        "affected_modes": "parking;private_motor_vehicle",
        "exemptions": "",
        "road_code": "",
        "road_location_reference": "Avenida Ferrandis Salvador (two parkings); San Huberto parking",
        "road_reference": "Avenida Ferrandis Salvador (two parkings); San Huberto parking",
        "direction": "",
        "planning_relevance": "parking_may_close_when_full",
        "geometry_quality": "municipal_named_parking_areas_no_coordinates",
        "map_query": "Avenida Ferrandis Salvador / San Huberto, Castelló de la Plana, Spain",
        "source_urls": "https://www.ppcastellon.es/Castellon-activa-un-plan-especial-de-movilidad-para-el-eclipse-total-de-sol-del-12-de-agosto-con-el-transporte-publico-como-eje-principal_es_1_24045.html",
        "source_publisher": "Municipal-government press communication reproduced by PP Castellón",
        "source_publishers": "Municipal-government press communication reproduced by PP Castellón",
        "verification_timestamp": "2026-08-07T08:17:00+02:00",
        "last_verified": "2026-08-07T08:17:00+02:00",
        "notes": "Source also lists UJI, Recinto de Ferias y Mercados, Carrefour avenida del Mar, calle San Jorge and old Monday-market site as park-and-ride locations."
      }
    },
    {
      "type": "Feature",
      "id": "cv-cs-morella-extraurban-01",
      "geometry": null,
      "properties": {
        "id": "cv-cs-morella-extraurban-01",
        "name": "Morella extraurban official observation areas",
        "autonomous_community": "Comunitat Valenciana",
        "province": "Castellón",
        "municipality": "Morella",
        "restriction_type": "reservation_required_access",
        "restriction_class": "reservation_required_access",
        "status": "confirmed",
        "confidence": "high",
        "effect_start": "",
        "effect_end": "",
        "effect_date": "2026-08-12",
        "effect_time_note": "",
        "description": "Morella's extraurban/peripheral official observation areas require free advance reservation and are subject to each site's capacity; urban zones remain free-access.",
        "affected_transport_modes": "public_entry;vehicle_trip_planning",
        "affected_modes": "public_entry;vehicle_trip_planning",
        "exemptions": "",
        "road_code": "",
        "road_location_reference": "",
        "road_reference": "",
        "direction": "",
        "planning_relevance": "extraurban_official_sites_booking_required",
        "geometry_quality": "authority_named_place_no_boundary",
        "map_query": "Morella extraurban official observation areas, Morella, Spain",
        "source_urls": "https://www.morella.net/morellaturistica/morella-se-prepara-para-el-eclipse-solar-del-12-de-agosto/",
        "source_publisher": "Morella Turística / Ayuntamiento de Morella",
        "source_publishers": "Morella Turística / Ayuntamiento de Morella",
        "verification_timestamp": "2026-08-07T08:17:00+02:00",
        "last_verified": "2026-08-07T08:17:00+02:00",
        "notes": ""
      }
    },
    {
      "type": "Feature",
      "id": "cv-cs-onda-castillo-01",
      "geometry": null,
      "properties": {
        "id": "cv-cs-onda-castillo-01",
        "name": "Castillo de las 300 Torres eclipse observation area",
        "autonomous_community": "Comunitat Valenciana",
        "province": "Castellón",
        "municipality": "Onda",
        "restriction_type": "ticketed_capacity_access",
        "restriction_class": "ticketed_capacity_access",
        "status": "reported_confirmed",
        "confidence": "high",
        "effect_start": "",
        "effect_end": "",
        "effect_date": "2026-08-12",
        "effect_time_note": "",
        "description": "The castle event is capacity-controlled (1,000 people), access is ticketed/nominative, and available entries are reported exhausted.",
        "affected_transport_modes": "public_entry",
        "affected_modes": "public_entry",
        "exemptions": "",
        "road_code": "",
        "road_location_reference": "",
        "road_reference": "",
        "direction": "",
        "planning_relevance": "official_viewing_site_sold_out",
        "geometry_quality": "authority_named_place_no_boundary",
        "map_query": "Castillo de las 300 Torres eclipse observation area, Onda, Spain",
        "source_urls": "https://cadenaser.com/comunitat-valenciana/2026/08/05/la-generalitat-valenciana-decreta-el-nivel-de-emergencia-2-para-el-12-de-agosto-dia-del-eclipse-radio-castellon/;https://cadenaser.com/comunitat-valenciana/2026/07/23/onda-abre-la-reserva-gratuita-de-entradas-para-disfrutar-del-eclipse-solar-desde-el-castillo-de-las-300-torres-radio-castellon/",
        "source_publisher": "Cadena SER Radio Castellón quoting Generalitat/Ayuntamiento de Onda",
        "source_publishers": "Cadena SER Radio Castellón quoting Generalitat/Ayuntamiento de Onda",
        "verification_timestamp": "2026-08-07T08:17:00+02:00",
        "last_verified": "2026-08-07T08:17:00+02:00",
        "notes": ""
      }
    },
    {
      "type": "Feature",
      "id": "cv-cs-parajes-01",
      "geometry": null,
      "properties": {
        "id": "cv-cs-parajes-01",
        "name": "Natural sites / parajes naturales in Castellón province",
        "autonomous_community": "Comunitat Valenciana",
        "province": "Castellón",
        "municipality": "",
        "restriction_type": "natural_area_closure",
        "restriction_class": "natural_area_closure",
        "status": "reported_government_measure",
        "confidence": "high",
        "effect_start": "2026-08-12T00:00:00+02:00",
        "effect_end": "2026-08-12T23:59:59+02:00",
        "effect_date": "2026-08-12",
        "effect_time_note": "",
        "description": "The Generalitat announced complete closure of the province's natural sites on 12 August alongside level-3 wildfire pre-emergency, to prevent fires/crowding and preserve emergency access.",
        "affected_transport_modes": "public_access;vehicle_access;eclipse_observation",
        "affected_modes": "public_access;vehicle_access;eclipse_observation",
        "exemptions": "",
        "road_code": "",
        "road_location_reference": "",
        "road_reference": "",
        "direction": "",
        "planning_relevance": "natural_viewing_sites_unavailable",
        "geometry_quality": "legal_category_boundary_not_published_in_announcement",
        "map_query": "Natural sites / parajes naturales in Castellón province, Castellón, Spain",
        "source_urls": "https://cadenaser.com/comunitat-valenciana/2026/08/05/la-generalitat-valenciana-decreta-el-nivel-de-emergencia-2-para-el-12-de-agosto-dia-del-eclipse-radio-castellon/",
        "source_publisher": "Cadena SER Radio Castellón quoting Generalitat Valenciana",
        "source_publishers": "Cadena SER Radio Castellón quoting Generalitat Valenciana",
        "verification_timestamp": "2026-08-07T08:17:00+02:00",
        "last_verified": "2026-08-07T08:17:00+02:00",
        "notes": ""
      }
    },
    {
      "type": "Feature",
      "id": "cyl-av-arevalo-01",
      "geometry": null,
      "properties": {
        "id": "cyl-av-arevalo-01",
        "name": "Evento Eclipsados observation enclosure",
        "autonomous_community": "Castilla y León",
        "province": "Ávila",
        "municipality": "Arévalo",
        "restriction_type": "ticketed_capacity_access",
        "restriction_class": "ticketed_capacity_access",
        "status": "confirmed",
        "confidence": "high",
        "effect_start": "2026-08-12T16:00:00+02:00",
        "effect_end": "2026-08-12T19:00:00+02:00",
        "effect_date": "2026-08-12",
        "effect_time_note": "",
        "description": "The principal observation enclosure is pass-only; free passes are sold out. Entry opens at 16:00 and gates close at 19:00.",
        "affected_transport_modes": "public_entry",
        "affected_modes": "public_entry",
        "exemptions": "",
        "road_code": "",
        "road_location_reference": "A-6 exit 129 / AV-605 approaches",
        "road_reference": "A-6 exit 129 / AV-605 approaches",
        "direction": "",
        "planning_relevance": "official_viewing_site_sold_out_and_gate_closes_before_eclipse",
        "geometry_quality": "authority_named_place_no_boundary",
        "map_query": "Evento Eclipsados observation enclosure, Arévalo, Spain",
        "source_urls": "https://www.eclipsadosavila.com/evento-arevalo;https://www.eclipsadosavila.com/consigue-tu-pase",
        "source_publisher": "Eclipsados Ávila / Diputación de Ávila",
        "source_publishers": "Eclipsados Ávila / Diputación de Ávila",
        "verification_timestamp": "2026-08-07T08:17:00+02:00",
        "last_verified": "2026-08-07T08:17:00+02:00",
        "notes": ""
      }
    },
    {
      "type": "Feature",
      "id": "cyl-le-panderruedas-01",
      "geometry": null,
      "properties": {
        "id": "cyl-le-panderruedas-01",
        "name": "Campera de Panderruedas",
        "autonomous_community": "Castilla y León",
        "province": "León",
        "municipality": "Posada de Valdeón",
        "restriction_type": "temporary_area_access_restriction",
        "restriction_class": "temporary_area_access_restriction",
        "status": "temporary_current_end_unknown",
        "confidence": "high",
        "effect_start": "2026-04-15T00:00:00+02:00",
        "effect_end": "",
        "effect_date": "",
        "effect_time_note": "",
        "description": "Access and remaining in the interior campera and other accesses at Panderruedas are restricted because of works; PR-PNPE-33 may only be used to leave the restricted area with due caution.",
        "affected_transport_modes": "pedestrian;vehicle_access",
        "affected_modes": "pedestrian;vehicle_access",
        "exemptions": "",
        "road_code": "",
        "road_location_reference": "",
        "road_reference": "",
        "direction": "",
        "planning_relevance": "candidate_viewpoint_currently_restricted",
        "geometry_quality": "authority_named_place_no_boundary",
        "map_query": "Campera de Panderruedas, Posada de Valdeón, Spain",
        "source_urls": "https://parquenacionalpicoseuropa.es/2026/06/",
        "source_publisher": "Parque Nacional de los Picos de Europa",
        "source_publishers": "Parque Nacional de los Picos de Europa",
        "verification_timestamp": "2026-08-07T08:17:00+02:00",
        "last_verified": "2026-08-07T08:17:00+02:00",
        "notes": "No end date was stated in the currently indexed park notice; verify immediately before travel."
      }
    },
    {
      "type": "Feature",
      "id": "cyl-pa-palencia-monteviejo-01",
      "geometry": null,
      "properties": {
        "id": "cyl-pa-palencia-monteviejo-01",
        "name": "Monte El Viejo",
        "autonomous_community": "Castilla y León",
        "province": "Palencia",
        "municipality": "Palencia",
        "restriction_type": "private_vehicle_access_restriction",
        "restriction_class": "private_vehicle_access_restriction",
        "status": "reported_confirmed",
        "confidence": "high",
        "effect_start": "",
        "effect_end": "",
        "effect_date": "2026-08-12",
        "effect_time_note": "Exact control hours were not stated in the located report.",
        "description": "Private-vehicle access to Monte El Viejo will be restricted on eclipse day, except for residents, to reduce crowding and wildfire risk.",
        "affected_transport_modes": "private_motor_vehicle",
        "affected_modes": "private_motor_vehicle",
        "exemptions": "residents",
        "road_code": "",
        "road_location_reference": "Monte El Viejo approaches",
        "road_reference": "Monte El Viejo approaches",
        "direction": "",
        "planning_relevance": "private_car_access_restricted",
        "geometry_quality": "authority_named_area_no_control_geometry",
        "map_query": "Monte El Viejo, Palencia, Spain",
        "source_urls": "https://cadenaser.com/castillayleon/2026/08/06/palencia-se-prepara-para-el-eclipse-con-autobuses-gratuitos-17000-gafas-y-un-gran-dispositivo-de-seguridad-radio-palencia/",
        "source_publisher": "Cadena SER Radio Palencia reporting Ayuntamiento de Palencia",
        "source_publishers": "Cadena SER Radio Palencia reporting Ayuntamiento de Palencia",
        "verification_timestamp": "2026-08-07T08:17:00+02:00",
        "last_verified": "2026-08-07T08:17:00+02:00",
        "notes": "Municipal event reporting recommends access on foot/bicycle and states that private vehicles will be restricted except residents."
      }
    },
    {
      "type": "Feature",
      "id": "cyl-sg-cuellar-caminos-01",
      "geometry": null,
      "properties": {
        "id": "cyl-sg-cuellar-caminos-01",
        "name": "Rural roads/caminos in Cuéllar",
        "autonomous_community": "Castilla y León",
        "province": "Segovia",
        "municipality": "Cuéllar",
        "restriction_type": "parking_prohibition",
        "restriction_class": "parking_prohibition",
        "status": "planned_not_final",
        "confidence": "medium",
        "effect_start": "",
        "effect_end": "",
        "effect_date": "2026-08-12",
        "effect_time_note": "",
        "description": "The mayor announced a municipal bando prohibiting parking on rural roads/caminos so evacuation routes remain clear.",
        "affected_transport_modes": "parking",
        "affected_modes": "parking",
        "exemptions": "",
        "road_code": "",
        "road_location_reference": "",
        "road_reference": "",
        "direction": "",
        "planning_relevance": "informal_rural_road_parking_prohibited",
        "geometry_quality": "authority_named_place_no_boundary",
        "map_query": "Rural roads/caminos in Cuéllar, Cuéllar, Spain",
        "source_urls": "https://cadenaser.com/castillayleon/2026/07/29/cuellar-reforzara-la-vigilancia-en-las-lomas-castilviejo-y-los-cerros-de-escarabajosa-y-torregutierrez-en-el-eclipse-del-12-de-agosto-radio-segovia/",
        "source_publisher": "Cadena SER Radio Segovia quoting Ayuntamiento de Cuéllar",
        "source_publishers": "Cadena SER Radio Segovia quoting Ayuntamiento de Cuéllar",
        "verification_timestamp": "2026-08-07T08:17:00+02:00",
        "last_verified": "2026-08-07T08:17:00+02:00",
        "notes": ""
      }
    },
    {
      "type": "Feature",
      "id": "cyl-sg-cuellar-laslomas-01",
      "geometry": null,
      "properties": {
        "id": "cyl-sg-cuellar-laslomas-01",
        "name": "Las Lomas",
        "autonomous_community": "Castilla y León",
        "province": "Segovia",
        "municipality": "Cuéllar",
        "restriction_type": "conditional_capacity_access_closure",
        "restriction_class": "conditional_capacity_access_closure",
        "status": "conditional",
        "confidence": "high",
        "effect_start": "",
        "effect_end": "",
        "effect_date": "2026-08-12",
        "effect_time_note": "",
        "description": "Las Lomas is planned to remain open, but access will be closed if vehicle/person capacity becomes excessive.",
        "affected_transport_modes": "vehicle_access;public_access",
        "affected_modes": "vehicle_access;public_access",
        "exemptions": "",
        "road_code": "",
        "road_location_reference": "",
        "road_reference": "",
        "direction": "",
        "planning_relevance": "access_may_close_if_overcrowded",
        "geometry_quality": "authority_named_place_no_boundary",
        "map_query": "Las Lomas, Cuéllar, Spain",
        "source_urls": "https://cadenaser.com/castillayleon/2026/07/29/cuellar-reforzara-la-vigilancia-en-las-lomas-castilviejo-y-los-cerros-de-escarabajosa-y-torregutierrez-en-el-eclipse-del-12-de-agosto-radio-segovia/",
        "source_publisher": "Cadena SER Radio Segovia quoting Ayuntamiento de Cuéllar",
        "source_publishers": "Cadena SER Radio Segovia quoting Ayuntamiento de Cuéllar",
        "verification_timestamp": "2026-08-07T08:17:00+02:00",
        "last_verified": "2026-08-07T08:17:00+02:00",
        "notes": ""
      }
    },
    {
      "type": "Feature",
      "id": "euskadi-hgv-01",
      "geometry": null,
      "properties": {
        "id": "euskadi-hgv-01",
        "name": "Entire Euskadi road network",
        "autonomous_community": "País Vasco / Euskadi",
        "province": "",
        "municipality": "",
        "restriction_type": "heavy_vehicle_circulation_ban",
        "restriction_class": "heavy_vehicle_circulation_ban",
        "status": "confirmed_updated_measure",
        "confidence": "high",
        "effect_start": "2026-08-12T17:00:00+02:00",
        "effect_end": "2026-08-12T23:59:00+02:00",
        "effect_date": "2026-08-12",
        "effect_time_note": "",
        "description": "Vehicles or combinations over 7,500 kg maximum authorized mass may not circulate; buses are exempt.",
        "affected_transport_modes": "vehicle_over_7500kg",
        "affected_modes": "vehicle_over_7500kg",
        "exemptions": "buses;other published exemptions",
        "road_code": "",
        "road_location_reference": "",
        "road_reference": "",
        "direction": "",
        "planning_relevance": "passenger_cars_not_directly_restricted",
        "geometry_quality": "authority_named_place_no_boundary",
        "map_query": "Entire Euskadi road network, País Vasco / Euskadi, Spain",
        "source_urls": "https://www.irekia.euskadi.eus/es/news/112148-gobierno-vasco-limita-restriccion-circulacion-por-eclipse-los-vehiculos-pesados-las-horas-mayor-intensidad-trafico-tras-reunirse-con-sector-del-transporte",
        "source_publisher": "Gobierno Vasco / Irekia",
        "source_publishers": "Gobierno Vasco / Irekia",
        "verification_timestamp": "2026-08-07T08:17:00+02:00",
        "last_verified": "2026-08-07T08:17:00+02:00",
        "notes": ""
      }
    },
    {
      "type": "Feature",
      "id": "gal-ac-01",
      "geometry": null,
      "properties": {
        "id": "gal-ac-01",
        "name": "Torre de Hércules",
        "autonomous_community": "Galicia",
        "province": "A Coruña",
        "municipality": "A Coruña",
        "restriction_type": "eclipse_observation_exclusion",
        "restriction_class": "eclipse_observation_exclusion",
        "status": "provisional_confirmed_list",
        "confidence": "medium",
        "effect_start": "",
        "effect_end": "",
        "effect_date": "2026-08-12",
        "effect_time_note": "Exact hours and boundary not published in the provisional list.",
        "description": "Observation of the eclipse is prohibited at this named exclusion point; the Galicia list was described as provisional.",
        "affected_transport_modes": "pedestrian;vehicle_access;eclipse_observation",
        "affected_modes": "pedestrian;vehicle_access;eclipse_observation",
        "exemptions": "",
        "road_code": "",
        "road_location_reference": "",
        "road_reference": "",
        "direction": "",
        "planning_relevance": "viewing_location_unavailable",
        "geometry_quality": "authority_named_place_no_boundary",
        "map_query": "Torre de Hércules, A Coruña, Spain",
        "source_urls": "https://www.europapress.es/galego/noticia-torre-hercules-monte-pindo-fucino-do-porco-os-29-puntos-exclusion-eclipse-20260728154101.html;https://cadenaser.com/galicia/2026/07/28/las-zonas-prohibidas-para-el-eclipse-de-sol-donde-no-se-podra-ver-la-cita-del-12-de-agosto-en-galicia-radio-galicia/",
        "source_publisher": "Europa Press Galicia;Cadena SER Galicia",
        "source_publishers": "Europa Press Galicia;Cadena SER Galicia",
        "verification_timestamp": "2026-08-07T08:17:00+02:00",
        "last_verified": "2026-08-07T08:17:00+02:00",
        "notes": "No precise exclusion perimeter published; geometry intentionally null."
      }
    },
    {
      "type": "Feature",
      "id": "gal-ac-02",
      "geometry": null,
      "properties": {
        "id": "gal-ac-02",
        "name": "Illas de San Pedro",
        "autonomous_community": "Galicia",
        "province": "A Coruña",
        "municipality": "A Coruña",
        "restriction_type": "eclipse_observation_exclusion",
        "restriction_class": "eclipse_observation_exclusion",
        "status": "provisional_confirmed_list",
        "confidence": "medium",
        "effect_start": "",
        "effect_end": "",
        "effect_date": "2026-08-12",
        "effect_time_note": "Exact hours and boundary not published in the provisional list.",
        "description": "Observation of the eclipse is prohibited at this named exclusion point; the Galicia list was described as provisional.",
        "affected_transport_modes": "pedestrian;vehicle_access;eclipse_observation",
        "affected_modes": "pedestrian;vehicle_access;eclipse_observation",
        "exemptions": "",
        "road_code": "",
        "road_location_reference": "",
        "road_reference": "",
        "direction": "",
        "planning_relevance": "viewing_location_unavailable",
        "geometry_quality": "authority_named_place_no_boundary",
        "map_query": "Illas de San Pedro, A Coruña, Spain",
        "source_urls": "https://www.europapress.es/galego/noticia-torre-hercules-monte-pindo-fucino-do-porco-os-29-puntos-exclusion-eclipse-20260728154101.html;https://cadenaser.com/galicia/2026/07/28/las-zonas-prohibidas-para-el-eclipse-de-sol-donde-no-se-podra-ver-la-cita-del-12-de-agosto-en-galicia-radio-galicia/",
        "source_publisher": "Europa Press Galicia;Cadena SER Galicia",
        "source_publishers": "Europa Press Galicia;Cadena SER Galicia",
        "verification_timestamp": "2026-08-07T08:17:00+02:00",
        "last_verified": "2026-08-07T08:17:00+02:00",
        "notes": "No precise exclusion perimeter published; geometry intentionally null."
      }
    },
    {
      "type": "Feature",
      "id": "gal-ac-03",
      "geometry": null,
      "properties": {
        "id": "gal-ac-03",
        "name": "Praia do Pedrido",
        "autonomous_community": "Galicia",
        "province": "A Coruña",
        "municipality": "Bergondo",
        "restriction_type": "eclipse_observation_exclusion",
        "restriction_class": "eclipse_observation_exclusion",
        "status": "provisional_confirmed_list",
        "confidence": "medium",
        "effect_start": "",
        "effect_end": "",
        "effect_date": "2026-08-12",
        "effect_time_note": "Exact hours and boundary not published in the provisional list.",
        "description": "Observation of the eclipse is prohibited at this named exclusion point; the Galicia list was described as provisional.",
        "affected_transport_modes": "pedestrian;vehicle_access;eclipse_observation",
        "affected_modes": "pedestrian;vehicle_access;eclipse_observation",
        "exemptions": "",
        "road_code": "",
        "road_location_reference": "",
        "road_reference": "",
        "direction": "",
        "planning_relevance": "viewing_location_unavailable",
        "geometry_quality": "authority_named_place_no_boundary",
        "map_query": "Praia do Pedrido, Bergondo, Spain",
        "source_urls": "https://www.europapress.es/galego/noticia-torre-hercules-monte-pindo-fucino-do-porco-os-29-puntos-exclusion-eclipse-20260728154101.html;https://cadenaser.com/galicia/2026/07/28/las-zonas-prohibidas-para-el-eclipse-de-sol-donde-no-se-podra-ver-la-cita-del-12-de-agosto-en-galicia-radio-galicia/",
        "source_publisher": "Europa Press Galicia;Cadena SER Galicia",
        "source_publishers": "Europa Press Galicia;Cadena SER Galicia",
        "verification_timestamp": "2026-08-07T08:17:00+02:00",
        "last_verified": "2026-08-07T08:17:00+02:00",
        "notes": "No precise exclusion perimeter published; geometry intentionally null."
      }
    },
    {
      "type": "Feature",
      "id": "gal-ac-04",
      "geometry": null,
      "properties": {
        "id": "gal-ac-04",
        "name": "Miradoiro de Cabana",
        "autonomous_community": "Galicia",
        "province": "A Coruña",
        "municipality": "",
        "restriction_type": "eclipse_observation_exclusion",
        "restriction_class": "eclipse_observation_exclusion",
        "status": "provisional_confirmed_list",
        "confidence": "medium",
        "effect_start": "",
        "effect_end": "",
        "effect_date": "2026-08-12",
        "effect_time_note": "Exact hours and boundary not published in the provisional list.",
        "description": "Observation of the eclipse is prohibited at this named exclusion point; the Galicia list was described as provisional.",
        "affected_transport_modes": "pedestrian;vehicle_access;eclipse_observation",
        "affected_modes": "pedestrian;vehicle_access;eclipse_observation",
        "exemptions": "",
        "road_code": "",
        "road_location_reference": "",
        "road_reference": "",
        "direction": "",
        "planning_relevance": "viewing_location_unavailable",
        "geometry_quality": "authority_named_place_no_boundary",
        "map_query": "Miradoiro de Cabana, A Coruña, Spain",
        "source_urls": "https://www.europapress.es/galego/noticia-torre-hercules-monte-pindo-fucino-do-porco-os-29-puntos-exclusion-eclipse-20260728154101.html;https://cadenaser.com/galicia/2026/07/28/las-zonas-prohibidas-para-el-eclipse-de-sol-donde-no-se-podra-ver-la-cita-del-12-de-agosto-en-galicia-radio-galicia/",
        "source_publisher": "Europa Press Galicia;Cadena SER Galicia",
        "source_publishers": "Europa Press Galicia;Cadena SER Galicia",
        "verification_timestamp": "2026-08-07T08:17:00+02:00",
        "last_verified": "2026-08-07T08:17:00+02:00",
        "notes": "No precise exclusion perimeter published; geometry intentionally null."
      }
    },
    {
      "type": "Feature",
      "id": "gal-ac-05",
      "geometry": null,
      "properties": {
        "id": "gal-ac-05",
        "name": "A Berberecheira",
        "autonomous_community": "Galicia",
        "province": "A Coruña",
        "municipality": "",
        "restriction_type": "eclipse_observation_exclusion",
        "restriction_class": "eclipse_observation_exclusion",
        "status": "provisional_confirmed_list",
        "confidence": "medium",
        "effect_start": "",
        "effect_end": "",
        "effect_date": "2026-08-12",
        "effect_time_note": "Exact hours and boundary not published in the provisional list.",
        "description": "Observation of the eclipse is prohibited at this named exclusion point; the Galicia list was described as provisional.",
        "affected_transport_modes": "pedestrian;vehicle_access;eclipse_observation",
        "affected_modes": "pedestrian;vehicle_access;eclipse_observation",
        "exemptions": "",
        "road_code": "",
        "road_location_reference": "",
        "road_reference": "",
        "direction": "",
        "planning_relevance": "viewing_location_unavailable",
        "geometry_quality": "authority_named_place_no_boundary",
        "map_query": "A Berberecheira, A Coruña, Spain",
        "source_urls": "https://www.europapress.es/galego/noticia-torre-hercules-monte-pindo-fucino-do-porco-os-29-puntos-exclusion-eclipse-20260728154101.html;https://cadenaser.com/galicia/2026/07/28/las-zonas-prohibidas-para-el-eclipse-de-sol-donde-no-se-podra-ver-la-cita-del-12-de-agosto-en-galicia-radio-galicia/",
        "source_publisher": "Europa Press Galicia;Cadena SER Galicia",
        "source_publishers": "Europa Press Galicia;Cadena SER Galicia",
        "verification_timestamp": "2026-08-07T08:17:00+02:00",
        "last_verified": "2026-08-07T08:17:00+02:00",
        "notes": "No precise exclusion perimeter published; geometry intentionally null."
      }
    },
    {
      "type": "Feature",
      "id": "gal-ac-06",
      "geometry": null,
      "properties": {
        "id": "gal-ac-06",
        "name": "Praia de Carnota",
        "autonomous_community": "Galicia",
        "province": "A Coruña",
        "municipality": "Carnota",
        "restriction_type": "eclipse_observation_exclusion",
        "restriction_class": "eclipse_observation_exclusion",
        "status": "provisional_confirmed_list",
        "confidence": "medium",
        "effect_start": "",
        "effect_end": "",
        "effect_date": "2026-08-12",
        "effect_time_note": "Exact hours and boundary not published in the provisional list.",
        "description": "Observation of the eclipse is prohibited at this named exclusion point; the Galicia list was described as provisional.",
        "affected_transport_modes": "pedestrian;vehicle_access;eclipse_observation",
        "affected_modes": "pedestrian;vehicle_access;eclipse_observation",
        "exemptions": "",
        "road_code": "",
        "road_location_reference": "",
        "road_reference": "",
        "direction": "",
        "planning_relevance": "viewing_location_unavailable",
        "geometry_quality": "authority_named_place_no_boundary",
        "map_query": "Praia de Carnota, Carnota, Spain",
        "source_urls": "https://www.europapress.es/galego/noticia-torre-hercules-monte-pindo-fucino-do-porco-os-29-puntos-exclusion-eclipse-20260728154101.html;https://cadenaser.com/galicia/2026/07/28/las-zonas-prohibidas-para-el-eclipse-de-sol-donde-no-se-podra-ver-la-cita-del-12-de-agosto-en-galicia-radio-galicia/",
        "source_publisher": "Europa Press Galicia;Cadena SER Galicia",
        "source_publishers": "Europa Press Galicia;Cadena SER Galicia",
        "verification_timestamp": "2026-08-07T08:17:00+02:00",
        "last_verified": "2026-08-07T08:17:00+02:00",
        "notes": "No precise exclusion perimeter published; geometry intentionally null."
      }
    },
    {
      "type": "Feature",
      "id": "gal-ac-07",
      "geometry": null,
      "properties": {
        "id": "gal-ac-07",
        "name": "Monte Pindo",
        "autonomous_community": "Galicia",
        "province": "A Coruña",
        "municipality": "Carnota",
        "restriction_type": "eclipse_observation_exclusion",
        "restriction_class": "eclipse_observation_exclusion",
        "status": "provisional_confirmed_list",
        "confidence": "medium",
        "effect_start": "",
        "effect_end": "",
        "effect_date": "2026-08-12",
        "effect_time_note": "Exact hours and boundary not published in the provisional list.",
        "description": "Observation of the eclipse is prohibited at this named exclusion point; the Galicia list was described as provisional.",
        "affected_transport_modes": "pedestrian;vehicle_access;eclipse_observation",
        "affected_modes": "pedestrian;vehicle_access;eclipse_observation",
        "exemptions": "",
        "road_code": "",
        "road_location_reference": "",
        "road_reference": "",
        "direction": "",
        "planning_relevance": "viewing_location_unavailable",
        "geometry_quality": "authority_named_place_no_boundary",
        "map_query": "Monte Pindo, Carnota, Spain",
        "source_urls": "https://www.europapress.es/galego/noticia-torre-hercules-monte-pindo-fucino-do-porco-os-29-puntos-exclusion-eclipse-20260728154101.html;https://cadenaser.com/galicia/2026/07/28/las-zonas-prohibidas-para-el-eclipse-de-sol-donde-no-se-podra-ver-la-cita-del-12-de-agosto-en-galicia-radio-galicia/",
        "source_publisher": "Europa Press Galicia;Cadena SER Galicia",
        "source_publishers": "Europa Press Galicia;Cadena SER Galicia",
        "verification_timestamp": "2026-08-07T08:17:00+02:00",
        "last_verified": "2026-08-07T08:17:00+02:00",
        "notes": "No precise exclusion perimeter published; geometry intentionally null."
      }
    },
    {
      "type": "Feature",
      "id": "gal-ac-08",
      "geometry": null,
      "properties": {
        "id": "gal-ac-08",
        "name": "As Furnas",
        "autonomous_community": "Galicia",
        "province": "A Coruña",
        "municipality": "Oleiros",
        "restriction_type": "eclipse_observation_exclusion",
        "restriction_class": "eclipse_observation_exclusion",
        "status": "provisional_confirmed_list",
        "confidence": "medium",
        "effect_start": "",
        "effect_end": "",
        "effect_date": "2026-08-12",
        "effect_time_note": "Exact hours and boundary not published in the provisional list.",
        "description": "Observation of the eclipse is prohibited at this named exclusion point; the Galicia list was described as provisional.",
        "affected_transport_modes": "pedestrian;vehicle_access;eclipse_observation",
        "affected_modes": "pedestrian;vehicle_access;eclipse_observation",
        "exemptions": "",
        "road_code": "",
        "road_location_reference": "",
        "road_reference": "",
        "direction": "",
        "planning_relevance": "viewing_location_unavailable",
        "geometry_quality": "authority_named_place_no_boundary",
        "map_query": "As Furnas, Oleiros, Spain",
        "source_urls": "https://www.europapress.es/galego/noticia-torre-hercules-monte-pindo-fucino-do-porco-os-29-puntos-exclusion-eclipse-20260728154101.html;https://cadenaser.com/galicia/2026/07/28/las-zonas-prohibidas-para-el-eclipse-de-sol-donde-no-se-podra-ver-la-cita-del-12-de-agosto-en-galicia-radio-galicia/",
        "source_publisher": "Europa Press Galicia;Cadena SER Galicia",
        "source_publishers": "Europa Press Galicia;Cadena SER Galicia",
        "verification_timestamp": "2026-08-07T08:17:00+02:00",
        "last_verified": "2026-08-07T08:17:00+02:00",
        "notes": "No precise exclusion perimeter published; geometry intentionally null."
      }
    },
    {
      "type": "Feature",
      "id": "gal-acoruna-paseo-01",
      "geometry": null,
      "properties": {
        "id": "gal-acoruna-paseo-01",
        "name": "Paseo Marítimo / Riazor-Orzán corridor",
        "autonomous_community": "Galicia",
        "province": "A Coruña",
        "municipality": "A Coruña",
        "restriction_type": "traffic_closure",
        "restriction_class": "traffic_closure",
        "status": "reported_confirmed",
        "confidence": "high",
        "effect_start": "2026-08-12T18:00:00+02:00",
        "effect_end": "",
        "effect_date": "2026-08-12",
        "effect_time_note": "",
        "description": "Traffic is cut on the seafront/Riazor-Orzán corridor from 18:00 as part of the eclipse mobility plan.",
        "affected_transport_modes": "motor_vehicle",
        "affected_modes": "motor_vehicle",
        "exemptions": "",
        "road_code": "",
        "road_location_reference": "",
        "road_reference": "",
        "direction": "",
        "planning_relevance": "urban_approach_road_closed",
        "geometry_quality": "authority_named_place_no_boundary",
        "map_query": "Paseo Marítimo / Riazor-Orzán corridor, A Coruña, Spain",
        "source_urls": "https://cadenaser.com/galicia/2026/08/06/como-moverse-por-a-coruna-durante-el-eclipse-del-12-de-agosto-buses-cortes-y-aparcamientos-radio-coruna/",
        "source_publisher": "Cadena SER Radio Coruña reporting Concello da Coruña",
        "source_publishers": "Cadena SER Radio Coruña reporting Concello da Coruña",
        "verification_timestamp": "2026-08-07T08:17:00+02:00",
        "last_verified": "2026-08-07T08:17:00+02:00",
        "notes": ""
      }
    },
    {
      "type": "Feature",
      "id": "gal-acoruna-portino-01",
      "geometry": null,
      "properties": {
        "id": "gal-acoruna-portino-01",
        "name": "O Portiño vehicle access",
        "autonomous_community": "Galicia",
        "province": "A Coruña",
        "municipality": "A Coruña",
        "restriction_type": "motor_vehicle_access_ban",
        "restriction_class": "motor_vehicle_access_ban",
        "status": "reported_confirmed",
        "confidence": "high",
        "effect_start": "2026-08-12T00:00:00+02:00",
        "effect_end": "2026-08-12T23:59:59+02:00",
        "effect_date": "2026-08-12",
        "effect_time_note": "",
        "description": "Private-vehicle access to O Portiño is closed throughout eclipse day.",
        "affected_transport_modes": "private_motor_vehicle",
        "affected_modes": "private_motor_vehicle",
        "exemptions": "",
        "road_code": "",
        "road_location_reference": "",
        "road_reference": "",
        "direction": "",
        "planning_relevance": "viewpoint_private_car_access_unavailable",
        "geometry_quality": "authority_named_place_no_boundary",
        "map_query": "O Portiño vehicle access, A Coruña, Spain",
        "source_urls": "https://cadenaser.com/galicia/2026/08/06/como-moverse-por-a-coruna-durante-el-eclipse-del-12-de-agosto-buses-cortes-y-aparcamientos-radio-coruna/",
        "source_publisher": "Cadena SER Radio Coruña",
        "source_publishers": "Cadena SER Radio Coruña",
        "verification_timestamp": "2026-08-07T08:17:00+02:00",
        "last_verified": "2026-08-07T08:17:00+02:00",
        "notes": ""
      }
    },
    {
      "type": "Feature",
      "id": "gal-acoruna-sampedro-01",
      "geometry": null,
      "properties": {
        "id": "gal-acoruna-sampedro-01",
        "name": "Monte de San Pedro vehicle access",
        "autonomous_community": "Galicia",
        "province": "A Coruña",
        "municipality": "A Coruña",
        "restriction_type": "motor_vehicle_access_ban",
        "restriction_class": "motor_vehicle_access_ban",
        "status": "reported_confirmed",
        "confidence": "high",
        "effect_start": "2026-08-12T00:00:00+02:00",
        "effect_end": "2026-08-12T23:59:59+02:00",
        "effect_date": "2026-08-12",
        "effect_time_note": "",
        "description": "Private-vehicle access to Monte de San Pedro is closed throughout eclipse day; special/public transport is provided.",
        "affected_transport_modes": "private_motor_vehicle",
        "affected_modes": "private_motor_vehicle",
        "exemptions": "",
        "road_code": "",
        "road_location_reference": "",
        "road_reference": "",
        "direction": "",
        "planning_relevance": "viewpoint_private_car_access_unavailable",
        "geometry_quality": "authority_named_place_no_boundary",
        "map_query": "Monte de San Pedro vehicle access, A Coruña, Spain",
        "source_urls": "https://cadenaser.com/galicia/2026/08/06/como-moverse-por-a-coruna-durante-el-eclipse-del-12-de-agosto-buses-cortes-y-aparcamientos-radio-coruna/",
        "source_publisher": "Cadena SER Radio Coruña",
        "source_publishers": "Cadena SER Radio Coruña",
        "verification_timestamp": "2026-08-07T08:17:00+02:00",
        "last_verified": "2026-08-07T08:17:00+02:00",
        "notes": ""
      }
    },
    {
      "type": "Feature",
      "id": "gal-acoruna-torre-traffic-01",
      "geometry": null,
      "properties": {
        "id": "gal-acoruna-torre-traffic-01",
        "name": "Torre de Hércules surroundings",
        "autonomous_community": "Galicia",
        "province": "A Coruña",
        "municipality": "A Coruña",
        "restriction_type": "strict_access_control",
        "restriction_class": "strict_access_control",
        "status": "reported_confirmed",
        "confidence": "medium",
        "effect_start": "",
        "effect_end": "",
        "effect_date": "2026-08-12",
        "effect_time_note": "",
        "description": "Access to the Torre de Hércules surroundings is restricted/protected under the eclipse security plan, in addition to the Galicia observation-exclusion listing.",
        "affected_transport_modes": "vehicle_access;public_access",
        "affected_modes": "vehicle_access;public_access",
        "exemptions": "",
        "road_code": "",
        "road_location_reference": "",
        "road_reference": "",
        "direction": "",
        "planning_relevance": "viewing_location_unavailable_or_strictly_controlled",
        "geometry_quality": "authority_named_place_no_boundary",
        "map_query": "Torre de Hércules surroundings, A Coruña, Spain",
        "source_urls": "https://cadenaser.com/galicia/2026/08/06/como-moverse-por-a-coruna-durante-el-eclipse-del-12-de-agosto-buses-cortes-y-aparcamientos-radio-coruna/",
        "source_publisher": "Cadena SER Radio Coruña",
        "source_publishers": "Cadena SER Radio Coruña",
        "verification_timestamp": "2026-08-07T08:17:00+02:00",
        "last_verified": "2026-08-07T08:17:00+02:00",
        "notes": ""
      }
    },
    {
      "type": "Feature",
      "id": "gal-ares-montefaro-01",
      "geometry": null,
      "properties": {
        "id": "gal-ares-montefaro-01",
        "name": "Montefaro",
        "autonomous_community": "Galicia",
        "province": "A Coruña",
        "municipality": "Ares",
        "restriction_type": "vehicle_access_prohibition",
        "restriction_class": "vehicle_access_prohibition",
        "status": "reported_confirmed",
        "confidence": "medium",
        "effect_start": "",
        "effect_end": "",
        "effect_date": "2026-08-12",
        "effect_time_note": "",
        "description": "Montefaro is designated as an eclipse observation area with access only on foot.",
        "affected_transport_modes": "motor_vehicle",
        "affected_modes": "motor_vehicle",
        "exemptions": "",
        "road_code": "",
        "road_location_reference": "",
        "road_reference": "",
        "direction": "",
        "planning_relevance": "viewpoint_foot_access_only",
        "geometry_quality": "authority_named_place_no_boundary",
        "map_query": "Montefaro, Ares, Spain",
        "source_urls": "https://www.lavozdegalicia.es/amp/noticia/ferrol/cedeira/2026/07/17/concellos-proponen-puntos-observacion-eclipse-restricciones-trafico/0003_202607F17C5993.htm",
        "source_publisher": "La Voz de Galicia reporting Concello de Ares",
        "source_publishers": "La Voz de Galicia reporting Concello de Ares",
        "verification_timestamp": "2026-08-07T08:17:00+02:00",
        "last_verified": "2026-08-07T08:17:00+02:00",
        "notes": ""
      }
    },
    {
      "type": "Feature",
      "id": "gal-cedeira-sananton-01",
      "geometry": null,
      "properties": {
        "id": "gal-cedeira-sananton-01",
        "name": "San Antón de Corveiro viewpoint/chapel access",
        "autonomous_community": "Galicia",
        "province": "A Coruña",
        "municipality": "Cedeira",
        "restriction_type": "motor_vehicle_access_ban",
        "restriction_class": "motor_vehicle_access_ban",
        "status": "reported_confirmed",
        "confidence": "high",
        "effect_start": "",
        "effect_end": "",
        "effect_date": "2026-08-12",
        "effect_time_note": "",
        "description": "The access road to San Antón de Corveiro is closed to ordinary traffic; the viewpoint can be reached on foot or by the festival's free shuttle buses.",
        "affected_transport_modes": "private_motor_vehicle",
        "affected_modes": "private_motor_vehicle",
        "exemptions": "festival shuttle buses;authorized/emergency access",
        "road_code": "",
        "road_location_reference": "",
        "road_reference": "",
        "direction": "",
        "planning_relevance": "viewpoint_private_car_access_unavailable",
        "geometry_quality": "authority_named_place_no_boundary",
        "map_query": "San Antón de Corveiro viewpoint/chapel access, Cedeira, Spain",
        "source_urls": "https://www.lavozdegalicia.es/amp/noticia/ferrol/cedeira/2026/07/17/concellos-proponen-puntos-observacion-eclipse-restricciones-trafico/0003_202607F17C5993.htm;https://www.jazzderia.gal/programacion/djmil-eclipse/",
        "source_publisher": "La Voz de Galicia;Jazz de Ría",
        "source_publishers": "La Voz de Galicia;Jazz de Ría",
        "verification_timestamp": "2026-08-07T08:17:00+02:00",
        "last_verified": "2026-08-07T08:17:00+02:00",
        "notes": ""
      }
    },
    {
      "type": "Feature",
      "id": "gal-ferrol-doninos-01",
      "geometry": null,
      "properties": {
        "id": "gal-ferrol-doninos-01",
        "name": "Roadway beside Doniños beach",
        "autonomous_community": "Galicia",
        "province": "A Coruña",
        "municipality": "Ferrol",
        "restriction_type": "parking_prohibition",
        "restriction_class": "parking_prohibition",
        "status": "reported_confirmed",
        "confidence": "high",
        "effect_start": "",
        "effect_end": "",
        "effect_date": "2026-08-12",
        "effect_time_note": "",
        "description": "Parking on the carriageway beside Doniños beach is prohibited under the eclipse traffic plan.",
        "affected_transport_modes": "parking",
        "affected_modes": "parking",
        "exemptions": "",
        "road_code": "",
        "road_location_reference": "",
        "road_reference": "",
        "direction": "",
        "planning_relevance": "roadside_parking_unavailable",
        "geometry_quality": "authority_named_place_no_boundary",
        "map_query": "Roadway beside Doniños beach, Ferrol, Spain",
        "source_urls": "https://cadenaser.com/galicia/2026/07/20/el-eclipse-del-12-de-agosto-podria-reunir-a-20000-personas-en-las-cuatro-grandes-zonas-de-playas-de-ferrol-radio-ferrol/",
        "source_publisher": "Cadena SER Radio Ferrol",
        "source_publishers": "Cadena SER Radio Ferrol",
        "verification_timestamp": "2026-08-07T08:17:00+02:00",
        "last_verified": "2026-08-07T08:17:00+02:00",
        "notes": ""
      }
    },
    {
      "type": "Feature",
      "id": "gal-ferrol-ponzos-santacomba-01",
      "geometry": null,
      "properties": {
        "id": "gal-ferrol-ponzos-santacomba-01",
        "name": "Approaches to Ponzos and Santa Comba beaches",
        "autonomous_community": "Galicia",
        "province": "A Coruña",
        "municipality": "Ferrol",
        "restriction_type": "temporary_one_way_traffic_pattern",
        "restriction_class": "temporary_one_way_traffic_pattern",
        "status": "reported_confirmed",
        "confidence": "medium",
        "effect_start": "",
        "effect_end": "",
        "effect_date": "2026-08-12",
        "effect_time_note": "",
        "description": "The eclipse traffic plan changes traffic direction/flow on approaches near Ponzos and Santa Comba; exact street-level pattern was not published in the located report.",
        "affected_transport_modes": "motor_vehicle",
        "affected_modes": "motor_vehicle",
        "exemptions": "",
        "road_code": "",
        "road_location_reference": "",
        "road_reference": "",
        "direction": "",
        "planning_relevance": "local_approach_pattern_changed",
        "geometry_quality": "authority_named_place_no_boundary",
        "map_query": "Approaches to Ponzos and Santa Comba beaches, Ferrol, Spain",
        "source_urls": "https://cadenaser.com/galicia/2026/07/20/el-eclipse-del-12-de-agosto-podria-reunir-a-20000-personas-en-las-cuatro-grandes-zonas-de-playas-de-ferrol-radio-ferrol/",
        "source_publisher": "Cadena SER Radio Ferrol",
        "source_publishers": "Cadena SER Radio Ferrol",
        "verification_timestamp": "2026-08-07T08:17:00+02:00",
        "last_verified": "2026-08-07T08:17:00+02:00",
        "notes": ""
      }
    },
    {
      "type": "Feature",
      "id": "gal-ferrol-prior-01",
      "geometry": null,
      "properties": {
        "id": "gal-ferrol-prior-01",
        "name": "Cabo Prior access road",
        "autonomous_community": "Galicia",
        "province": "A Coruña",
        "municipality": "Ferrol",
        "restriction_type": "road_closure",
        "restriction_class": "road_closure",
        "status": "reported_confirmed",
        "confidence": "high",
        "effect_start": "",
        "effect_end": "",
        "effect_date": "2026-08-12",
        "effect_time_note": "",
        "description": "road to Cabo Prior will be closed because the site cannot safely accommodate eclipse crowds.",
        "affected_transport_modes": "motor_vehicle",
        "affected_modes": "motor_vehicle",
        "exemptions": "",
        "road_code": "",
        "road_location_reference": "road to Cabo Prior",
        "road_reference": "road to Cabo Prior",
        "direction": "",
        "planning_relevance": "viewpoint_vehicle_access_closed",
        "geometry_quality": "authority_named_place_no_boundary",
        "map_query": "Cabo Prior access road, Ferrol, Spain",
        "source_urls": "https://cadenaser.com/galicia/2026/07/20/el-eclipse-del-12-de-agosto-podria-reunir-a-20000-personas-en-las-cuatro-grandes-zonas-de-playas-de-ferrol-radio-ferrol/",
        "source_publisher": "Cadena SER Radio Ferrol reporting Concello de Ferrol",
        "source_publishers": "Cadena SER Radio Ferrol reporting Concello de Ferrol",
        "verification_timestamp": "2026-08-07T08:17:00+02:00",
        "last_verified": "2026-08-07T08:17:00+02:00",
        "notes": ""
      }
    },
    {
      "type": "Feature",
      "id": "gal-ferrol-priorino-01",
      "geometry": null,
      "properties": {
        "id": "gal-ferrol-priorino-01",
        "name": "Cabo Prioriño access road",
        "autonomous_community": "Galicia",
        "province": "A Coruña",
        "municipality": "Ferrol",
        "restriction_type": "road_closure",
        "restriction_class": "road_closure",
        "status": "reported_confirmed",
        "confidence": "high",
        "effect_start": "",
        "effect_end": "",
        "effect_date": "2026-08-12",
        "effect_time_note": "",
        "description": "road to Cabo Prioriño will be closed because the site cannot safely accommodate eclipse crowds.",
        "affected_transport_modes": "motor_vehicle",
        "affected_modes": "motor_vehicle",
        "exemptions": "",
        "road_code": "",
        "road_location_reference": "road to Cabo Prioriño",
        "road_reference": "road to Cabo Prioriño",
        "direction": "",
        "planning_relevance": "viewpoint_vehicle_access_closed",
        "geometry_quality": "authority_named_place_no_boundary",
        "map_query": "Cabo Prioriño access road, Ferrol, Spain",
        "source_urls": "https://cadenaser.com/galicia/2026/07/20/el-eclipse-del-12-de-agosto-podria-reunir-a-20000-personas-en-las-cuatro-grandes-zonas-de-playas-de-ferrol-radio-ferrol/",
        "source_publisher": "Cadena SER Radio Ferrol reporting Concello de Ferrol",
        "source_publishers": "Cadena SER Radio Ferrol reporting Concello de Ferrol",
        "verification_timestamp": "2026-08-07T08:17:00+02:00",
        "last_verified": "2026-08-07T08:17:00+02:00",
        "notes": ""
      }
    },
    {
      "type": "Feature",
      "id": "gal-lu-01",
      "geometry": null,
      "properties": {
        "id": "gal-lu-01",
        "name": "Castelo de Castro de Ouro",
        "autonomous_community": "Galicia",
        "province": "Lugo",
        "municipality": "Alfoz",
        "restriction_type": "eclipse_observation_exclusion",
        "restriction_class": "eclipse_observation_exclusion",
        "status": "provisional_confirmed_list",
        "confidence": "medium",
        "effect_start": "",
        "effect_end": "",
        "effect_date": "2026-08-12",
        "effect_time_note": "Exact hours and boundary not published in the provisional list.",
        "description": "Observation of the eclipse is prohibited at this named exclusion point; the Galicia list was described as provisional.",
        "affected_transport_modes": "pedestrian;vehicle_access;eclipse_observation",
        "affected_modes": "pedestrian;vehicle_access;eclipse_observation",
        "exemptions": "",
        "road_code": "",
        "road_location_reference": "",
        "road_reference": "",
        "direction": "",
        "planning_relevance": "viewing_location_unavailable",
        "geometry_quality": "authority_named_place_no_boundary",
        "map_query": "Castelo de Castro de Ouro, Alfoz, Spain",
        "source_urls": "https://www.europapress.es/galego/noticia-torre-hercules-monte-pindo-fucino-do-porco-os-29-puntos-exclusion-eclipse-20260728154101.html;https://cadenaser.com/galicia/2026/07/28/las-zonas-prohibidas-para-el-eclipse-de-sol-donde-no-se-podra-ver-la-cita-del-12-de-agosto-en-galicia-radio-galicia/",
        "source_publisher": "Europa Press Galicia;Cadena SER Galicia",
        "source_publishers": "Europa Press Galicia;Cadena SER Galicia",
        "verification_timestamp": "2026-08-07T08:17:00+02:00",
        "last_verified": "2026-08-07T08:17:00+02:00",
        "notes": "No precise exclusion perimeter published; geometry intentionally null."
      }
    },
    {
      "type": "Feature",
      "id": "gal-lu-02",
      "geometry": null,
      "properties": {
        "id": "gal-lu-02",
        "name": "A Anguieira",
        "autonomous_community": "Galicia",
        "province": "Lugo",
        "municipality": "Barreiros",
        "restriction_type": "eclipse_observation_exclusion",
        "restriction_class": "eclipse_observation_exclusion",
        "status": "provisional_confirmed_list",
        "confidence": "medium",
        "effect_start": "",
        "effect_end": "",
        "effect_date": "2026-08-12",
        "effect_time_note": "Exact hours and boundary not published in the provisional list.",
        "description": "Observation of the eclipse is prohibited at this named exclusion point; the Galicia list was described as provisional.",
        "affected_transport_modes": "pedestrian;vehicle_access;eclipse_observation",
        "affected_modes": "pedestrian;vehicle_access;eclipse_observation",
        "exemptions": "",
        "road_code": "",
        "road_location_reference": "",
        "road_reference": "",
        "direction": "",
        "planning_relevance": "viewing_location_unavailable",
        "geometry_quality": "authority_named_place_no_boundary",
        "map_query": "A Anguieira, Barreiros, Spain",
        "source_urls": "https://www.europapress.es/galego/noticia-torre-hercules-monte-pindo-fucino-do-porco-os-29-puntos-exclusion-eclipse-20260728154101.html;https://cadenaser.com/galicia/2026/07/28/las-zonas-prohibidas-para-el-eclipse-de-sol-donde-no-se-podra-ver-la-cita-del-12-de-agosto-en-galicia-radio-galicia/",
        "source_publisher": "Europa Press Galicia;Cadena SER Galicia",
        "source_publishers": "Europa Press Galicia;Cadena SER Galicia",
        "verification_timestamp": "2026-08-07T08:17:00+02:00",
        "last_verified": "2026-08-07T08:17:00+02:00",
        "notes": "No precise exclusion perimeter published; geometry intentionally null."
      }
    },
    {
      "type": "Feature",
      "id": "gal-lu-03",
      "geometry": null,
      "properties": {
        "id": "gal-lu-03",
        "name": "Monte Comado",
        "autonomous_community": "Galicia",
        "province": "Lugo",
        "municipality": "Barreiros",
        "restriction_type": "eclipse_observation_exclusion",
        "restriction_class": "eclipse_observation_exclusion",
        "status": "provisional_confirmed_list",
        "confidence": "medium",
        "effect_start": "",
        "effect_end": "",
        "effect_date": "2026-08-12",
        "effect_time_note": "Exact hours and boundary not published in the provisional list.",
        "description": "Observation of the eclipse is prohibited at this named exclusion point; the Galicia list was described as provisional.",
        "affected_transport_modes": "pedestrian;vehicle_access;eclipse_observation",
        "affected_modes": "pedestrian;vehicle_access;eclipse_observation",
        "exemptions": "",
        "road_code": "",
        "road_location_reference": "",
        "road_reference": "",
        "direction": "",
        "planning_relevance": "viewing_location_unavailable",
        "geometry_quality": "authority_named_place_no_boundary",
        "map_query": "Monte Comado, Barreiros, Spain",
        "source_urls": "https://www.europapress.es/galego/noticia-torre-hercules-monte-pindo-fucino-do-porco-os-29-puntos-exclusion-eclipse-20260728154101.html;https://cadenaser.com/galicia/2026/07/28/las-zonas-prohibidas-para-el-eclipse-de-sol-donde-no-se-podra-ver-la-cita-del-12-de-agosto-en-galicia-radio-galicia/",
        "source_publisher": "Europa Press Galicia;Cadena SER Galicia",
        "source_publishers": "Europa Press Galicia;Cadena SER Galicia",
        "verification_timestamp": "2026-08-07T08:17:00+02:00",
        "last_verified": "2026-08-07T08:17:00+02:00",
        "notes": "No precise exclusion perimeter published; geometry intentionally null."
      }
    },
    {
      "type": "Feature",
      "id": "gal-lu-04",
      "geometry": null,
      "properties": {
        "id": "gal-lu-04",
        "name": "Monte Cornería",
        "autonomous_community": "Galicia",
        "province": "Lugo",
        "municipality": "Barreiros",
        "restriction_type": "eclipse_observation_exclusion",
        "restriction_class": "eclipse_observation_exclusion",
        "status": "provisional_confirmed_list",
        "confidence": "medium",
        "effect_start": "",
        "effect_end": "",
        "effect_date": "2026-08-12",
        "effect_time_note": "Exact hours and boundary not published in the provisional list.",
        "description": "Observation of the eclipse is prohibited at this named exclusion point; the Galicia list was described as provisional.",
        "affected_transport_modes": "pedestrian;vehicle_access;eclipse_observation",
        "affected_modes": "pedestrian;vehicle_access;eclipse_observation",
        "exemptions": "",
        "road_code": "",
        "road_location_reference": "",
        "road_reference": "",
        "direction": "",
        "planning_relevance": "viewing_location_unavailable",
        "geometry_quality": "authority_named_place_no_boundary",
        "map_query": "Monte Cornería, Barreiros, Spain",
        "source_urls": "https://www.europapress.es/galego/noticia-torre-hercules-monte-pindo-fucino-do-porco-os-29-puntos-exclusion-eclipse-20260728154101.html;https://cadenaser.com/galicia/2026/07/28/las-zonas-prohibidas-para-el-eclipse-de-sol-donde-no-se-podra-ver-la-cita-del-12-de-agosto-en-galicia-radio-galicia/",
        "source_publisher": "Europa Press Galicia;Cadena SER Galicia",
        "source_publishers": "Europa Press Galicia;Cadena SER Galicia",
        "verification_timestamp": "2026-08-07T08:17:00+02:00",
        "last_verified": "2026-08-07T08:17:00+02:00",
        "notes": "No precise exclusion perimeter published; geometry intentionally null."
      }
    },
    {
      "type": "Feature",
      "id": "gal-lu-05",
      "geometry": null,
      "properties": {
        "id": "gal-lu-05",
        "name": "Monte Pebanor",
        "autonomous_community": "Galicia",
        "province": "Lugo",
        "municipality": "Barreiros",
        "restriction_type": "eclipse_observation_exclusion",
        "restriction_class": "eclipse_observation_exclusion",
        "status": "provisional_confirmed_list",
        "confidence": "medium",
        "effect_start": "",
        "effect_end": "",
        "effect_date": "2026-08-12",
        "effect_time_note": "Exact hours and boundary not published in the provisional list.",
        "description": "Observation of the eclipse is prohibited at this named exclusion point; the Galicia list was described as provisional.",
        "affected_transport_modes": "pedestrian;vehicle_access;eclipse_observation",
        "affected_modes": "pedestrian;vehicle_access;eclipse_observation",
        "exemptions": "",
        "road_code": "",
        "road_location_reference": "",
        "road_reference": "",
        "direction": "",
        "planning_relevance": "viewing_location_unavailable",
        "geometry_quality": "authority_named_place_no_boundary",
        "map_query": "Monte Pebanor, Barreiros, Spain",
        "source_urls": "https://www.europapress.es/galego/noticia-torre-hercules-monte-pindo-fucino-do-porco-os-29-puntos-exclusion-eclipse-20260728154101.html;https://cadenaser.com/galicia/2026/07/28/las-zonas-prohibidas-para-el-eclipse-de-sol-donde-no-se-podra-ver-la-cita-del-12-de-agosto-en-galicia-radio-galicia/",
        "source_publisher": "Europa Press Galicia;Cadena SER Galicia",
        "source_publishers": "Europa Press Galicia;Cadena SER Galicia",
        "verification_timestamp": "2026-08-07T08:17:00+02:00",
        "last_verified": "2026-08-07T08:17:00+02:00",
        "notes": "No precise exclusion perimeter published; geometry intentionally null."
      }
    },
    {
      "type": "Feature",
      "id": "gal-lu-06",
      "geometry": null,
      "properties": {
        "id": "gal-lu-06",
        "name": "Santo Estevo do Ermo",
        "autonomous_community": "Galicia",
        "province": "Lugo",
        "municipality": "Barreiros",
        "restriction_type": "eclipse_observation_exclusion",
        "restriction_class": "eclipse_observation_exclusion",
        "status": "provisional_confirmed_list",
        "confidence": "medium",
        "effect_start": "",
        "effect_end": "",
        "effect_date": "2026-08-12",
        "effect_time_note": "Exact hours and boundary not published in the provisional list.",
        "description": "Observation of the eclipse is prohibited at this named exclusion point; the Galicia list was described as provisional.",
        "affected_transport_modes": "pedestrian;vehicle_access;eclipse_observation",
        "affected_modes": "pedestrian;vehicle_access;eclipse_observation",
        "exemptions": "",
        "road_code": "",
        "road_location_reference": "",
        "road_reference": "",
        "direction": "",
        "planning_relevance": "viewing_location_unavailable",
        "geometry_quality": "authority_named_place_no_boundary",
        "map_query": "Santo Estevo do Ermo, Barreiros, Spain",
        "source_urls": "https://www.europapress.es/galego/noticia-torre-hercules-monte-pindo-fucino-do-porco-os-29-puntos-exclusion-eclipse-20260728154101.html;https://cadenaser.com/galicia/2026/07/28/las-zonas-prohibidas-para-el-eclipse-de-sol-donde-no-se-podra-ver-la-cita-del-12-de-agosto-en-galicia-radio-galicia/",
        "source_publisher": "Europa Press Galicia;Cadena SER Galicia",
        "source_publishers": "Europa Press Galicia;Cadena SER Galicia",
        "verification_timestamp": "2026-08-07T08:17:00+02:00",
        "last_verified": "2026-08-07T08:17:00+02:00",
        "notes": "No precise exclusion perimeter published; geometry intentionally null."
      }
    },
    {
      "type": "Feature",
      "id": "gal-lu-07",
      "geometry": null,
      "properties": {
        "id": "gal-lu-07",
        "name": "Explanada do Parque dos Condes",
        "autonomous_community": "Galicia",
        "province": "Lugo",
        "municipality": "Monforte de Lemos",
        "restriction_type": "eclipse_observation_exclusion",
        "restriction_class": "eclipse_observation_exclusion",
        "status": "provisional_confirmed_list",
        "confidence": "medium",
        "effect_start": "",
        "effect_end": "",
        "effect_date": "2026-08-12",
        "effect_time_note": "Exact hours and boundary not published in the provisional list.",
        "description": "Observation of the eclipse is prohibited at this named exclusion point; the Galicia list was described as provisional.",
        "affected_transport_modes": "pedestrian;vehicle_access;eclipse_observation",
        "affected_modes": "pedestrian;vehicle_access;eclipse_observation",
        "exemptions": "",
        "road_code": "",
        "road_location_reference": "",
        "road_reference": "",
        "direction": "",
        "planning_relevance": "viewing_location_unavailable",
        "geometry_quality": "authority_named_place_no_boundary",
        "map_query": "Explanada do Parque dos Condes, Monforte de Lemos, Spain",
        "source_urls": "https://www.europapress.es/galego/noticia-torre-hercules-monte-pindo-fucino-do-porco-os-29-puntos-exclusion-eclipse-20260728154101.html;https://cadenaser.com/galicia/2026/07/28/las-zonas-prohibidas-para-el-eclipse-de-sol-donde-no-se-podra-ver-la-cita-del-12-de-agosto-en-galicia-radio-galicia/",
        "source_publisher": "Europa Press Galicia;Cadena SER Galicia",
        "source_publishers": "Europa Press Galicia;Cadena SER Galicia",
        "verification_timestamp": "2026-08-07T08:17:00+02:00",
        "last_verified": "2026-08-07T08:17:00+02:00",
        "notes": "No precise exclusion perimeter published; geometry intentionally null."
      }
    },
    {
      "type": "Feature",
      "id": "gal-lu-08",
      "geometry": null,
      "properties": {
        "id": "gal-lu-08",
        "name": "Miradoiro de Tixoso",
        "autonomous_community": "Galicia",
        "province": "Lugo",
        "municipality": "O Vicedo",
        "restriction_type": "eclipse_observation_exclusion",
        "restriction_class": "eclipse_observation_exclusion",
        "status": "provisional_confirmed_list",
        "confidence": "medium",
        "effect_start": "",
        "effect_end": "",
        "effect_date": "2026-08-12",
        "effect_time_note": "Exact hours and boundary not published in the provisional list.",
        "description": "Observation of the eclipse is prohibited at this named exclusion point; the Galicia list was described as provisional.",
        "affected_transport_modes": "pedestrian;vehicle_access;eclipse_observation",
        "affected_modes": "pedestrian;vehicle_access;eclipse_observation",
        "exemptions": "",
        "road_code": "",
        "road_location_reference": "",
        "road_reference": "",
        "direction": "",
        "planning_relevance": "viewing_location_unavailable",
        "geometry_quality": "authority_named_place_no_boundary",
        "map_query": "Miradoiro de Tixoso, O Vicedo, Spain",
        "source_urls": "https://www.europapress.es/galego/noticia-torre-hercules-monte-pindo-fucino-do-porco-os-29-puntos-exclusion-eclipse-20260728154101.html;https://cadenaser.com/galicia/2026/07/28/las-zonas-prohibidas-para-el-eclipse-de-sol-donde-no-se-podra-ver-la-cita-del-12-de-agosto-en-galicia-radio-galicia/",
        "source_publisher": "Europa Press Galicia;Cadena SER Galicia",
        "source_publishers": "Europa Press Galicia;Cadena SER Galicia",
        "verification_timestamp": "2026-08-07T08:17:00+02:00",
        "last_verified": "2026-08-07T08:17:00+02:00",
        "notes": "No precise exclusion perimeter published; geometry intentionally null."
      }
    },
    {
      "type": "Feature",
      "id": "gal-lu-09",
      "geometry": null,
      "properties": {
        "id": "gal-lu-09",
        "name": "Ponte do Río Sor",
        "autonomous_community": "Galicia",
        "province": "Lugo",
        "municipality": "O Vicedo",
        "restriction_type": "eclipse_observation_exclusion",
        "restriction_class": "eclipse_observation_exclusion",
        "status": "provisional_confirmed_list",
        "confidence": "medium",
        "effect_start": "",
        "effect_end": "",
        "effect_date": "2026-08-12",
        "effect_time_note": "Exact hours and boundary not published in the provisional list.",
        "description": "Observation of the eclipse is prohibited at this named exclusion point; the Galicia list was described as provisional.",
        "affected_transport_modes": "pedestrian;vehicle_access;eclipse_observation",
        "affected_modes": "pedestrian;vehicle_access;eclipse_observation",
        "exemptions": "",
        "road_code": "",
        "road_location_reference": "",
        "road_reference": "",
        "direction": "",
        "planning_relevance": "viewing_location_unavailable",
        "geometry_quality": "authority_named_place_no_boundary",
        "map_query": "Ponte do Río Sor, O Vicedo, Spain",
        "source_urls": "https://www.europapress.es/galego/noticia-torre-hercules-monte-pindo-fucino-do-porco-os-29-puntos-exclusion-eclipse-20260728154101.html;https://cadenaser.com/galicia/2026/07/28/las-zonas-prohibidas-para-el-eclipse-de-sol-donde-no-se-podra-ver-la-cita-del-12-de-agosto-en-galicia-radio-galicia/",
        "source_publisher": "Europa Press Galicia;Cadena SER Galicia",
        "source_publishers": "Europa Press Galicia;Cadena SER Galicia",
        "verification_timestamp": "2026-08-07T08:17:00+02:00",
        "last_verified": "2026-08-07T08:17:00+02:00",
        "notes": "No precise exclusion perimeter published; geometry intentionally null."
      }
    },
    {
      "type": "Feature",
      "id": "gal-lu-10",
      "geometry": null,
      "properties": {
        "id": "gal-lu-10",
        "name": "Miradoiro das Laxes",
        "autonomous_community": "Galicia",
        "province": "Lugo",
        "municipality": "O Vicedo",
        "restriction_type": "eclipse_observation_exclusion",
        "restriction_class": "eclipse_observation_exclusion",
        "status": "provisional_confirmed_list",
        "confidence": "medium",
        "effect_start": "",
        "effect_end": "",
        "effect_date": "2026-08-12",
        "effect_time_note": "Exact hours and boundary not published in the provisional list.",
        "description": "Observation of the eclipse is prohibited at this named exclusion point; the Galicia list was described as provisional.",
        "affected_transport_modes": "pedestrian;vehicle_access;eclipse_observation",
        "affected_modes": "pedestrian;vehicle_access;eclipse_observation",
        "exemptions": "",
        "road_code": "",
        "road_location_reference": "",
        "road_reference": "",
        "direction": "",
        "planning_relevance": "viewing_location_unavailable",
        "geometry_quality": "authority_named_place_no_boundary",
        "map_query": "Miradoiro das Laxes, O Vicedo, Spain",
        "source_urls": "https://www.europapress.es/galego/noticia-torre-hercules-monte-pindo-fucino-do-porco-os-29-puntos-exclusion-eclipse-20260728154101.html;https://cadenaser.com/galicia/2026/07/28/las-zonas-prohibidas-para-el-eclipse-de-sol-donde-no-se-podra-ver-la-cita-del-12-de-agosto-en-galicia-radio-galicia/",
        "source_publisher": "Europa Press Galicia;Cadena SER Galicia",
        "source_publishers": "Europa Press Galicia;Cadena SER Galicia",
        "verification_timestamp": "2026-08-07T08:17:00+02:00",
        "last_verified": "2026-08-07T08:17:00+02:00",
        "notes": "No precise exclusion perimeter published; geometry intentionally null."
      }
    },
    {
      "type": "Feature",
      "id": "gal-lu-11",
      "geometry": null,
      "properties": {
        "id": "gal-lu-11",
        "name": "Ponte do Porto",
        "autonomous_community": "Galicia",
        "province": "Lugo",
        "municipality": "O Vicedo",
        "restriction_type": "eclipse_observation_exclusion",
        "restriction_class": "eclipse_observation_exclusion",
        "status": "provisional_confirmed_list",
        "confidence": "medium",
        "effect_start": "",
        "effect_end": "",
        "effect_date": "2026-08-12",
        "effect_time_note": "Exact hours and boundary not published in the provisional list.",
        "description": "Observation of the eclipse is prohibited at this named exclusion point; the Galicia list was described as provisional.",
        "affected_transport_modes": "pedestrian;vehicle_access;eclipse_observation",
        "affected_modes": "pedestrian;vehicle_access;eclipse_observation",
        "exemptions": "",
        "road_code": "",
        "road_location_reference": "",
        "road_reference": "",
        "direction": "",
        "planning_relevance": "viewing_location_unavailable",
        "geometry_quality": "authority_named_place_no_boundary",
        "map_query": "Ponte do Porto, O Vicedo, Spain",
        "source_urls": "https://www.europapress.es/galego/noticia-torre-hercules-monte-pindo-fucino-do-porco-os-29-puntos-exclusion-eclipse-20260728154101.html;https://cadenaser.com/galicia/2026/07/28/las-zonas-prohibidas-para-el-eclipse-de-sol-donde-no-se-podra-ver-la-cita-del-12-de-agosto-en-galicia-radio-galicia/",
        "source_publisher": "Europa Press Galicia;Cadena SER Galicia",
        "source_publishers": "Europa Press Galicia;Cadena SER Galicia",
        "verification_timestamp": "2026-08-07T08:17:00+02:00",
        "last_verified": "2026-08-07T08:17:00+02:00",
        "notes": "No precise exclusion perimeter published; geometry intentionally null."
      }
    },
    {
      "type": "Feature",
      "id": "gal-lu-12",
      "geometry": null,
      "properties": {
        "id": "gal-lu-12",
        "name": "Miradoiro de Moreiras",
        "autonomous_community": "Galicia",
        "province": "Lugo",
        "municipality": "O Vicedo",
        "restriction_type": "eclipse_observation_exclusion",
        "restriction_class": "eclipse_observation_exclusion",
        "status": "provisional_confirmed_list",
        "confidence": "medium",
        "effect_start": "",
        "effect_end": "",
        "effect_date": "2026-08-12",
        "effect_time_note": "Exact hours and boundary not published in the provisional list.",
        "description": "Observation of the eclipse is prohibited at this named exclusion point; the Galicia list was described as provisional.",
        "affected_transport_modes": "pedestrian;vehicle_access;eclipse_observation",
        "affected_modes": "pedestrian;vehicle_access;eclipse_observation",
        "exemptions": "",
        "road_code": "",
        "road_location_reference": "",
        "road_reference": "",
        "direction": "",
        "planning_relevance": "viewing_location_unavailable",
        "geometry_quality": "authority_named_place_no_boundary",
        "map_query": "Miradoiro de Moreiras, O Vicedo, Spain",
        "source_urls": "https://www.europapress.es/galego/noticia-torre-hercules-monte-pindo-fucino-do-porco-os-29-puntos-exclusion-eclipse-20260728154101.html;https://cadenaser.com/galicia/2026/07/28/las-zonas-prohibidas-para-el-eclipse-de-sol-donde-no-se-podra-ver-la-cita-del-12-de-agosto-en-galicia-radio-galicia/",
        "source_publisher": "Europa Press Galicia;Cadena SER Galicia",
        "source_publishers": "Europa Press Galicia;Cadena SER Galicia",
        "verification_timestamp": "2026-08-07T08:17:00+02:00",
        "last_verified": "2026-08-07T08:17:00+02:00",
        "notes": "No precise exclusion perimeter published; geometry intentionally null."
      }
    },
    {
      "type": "Feature",
      "id": "gal-lu-13",
      "geometry": null,
      "properties": {
        "id": "gal-lu-13",
        "name": "Fuciño do Porco",
        "autonomous_community": "Galicia",
        "province": "Lugo",
        "municipality": "O Vicedo",
        "restriction_type": "eclipse_observation_exclusion",
        "restriction_class": "eclipse_observation_exclusion",
        "status": "provisional_confirmed_list",
        "confidence": "medium",
        "effect_start": "",
        "effect_end": "",
        "effect_date": "2026-08-12",
        "effect_time_note": "Exact hours and boundary not published in the provisional list.",
        "description": "Observation of the eclipse is prohibited at this named exclusion point; the Galicia list was described as provisional.",
        "affected_transport_modes": "pedestrian;vehicle_access;eclipse_observation",
        "affected_modes": "pedestrian;vehicle_access;eclipse_observation",
        "exemptions": "",
        "road_code": "",
        "road_location_reference": "",
        "road_reference": "",
        "direction": "",
        "planning_relevance": "viewing_location_unavailable",
        "geometry_quality": "authority_named_place_no_boundary",
        "map_query": "Fuciño do Porco, O Vicedo, Spain",
        "source_urls": "https://www.europapress.es/galego/noticia-torre-hercules-monte-pindo-fucino-do-porco-os-29-puntos-exclusion-eclipse-20260728154101.html;https://cadenaser.com/galicia/2026/07/28/las-zonas-prohibidas-para-el-eclipse-de-sol-donde-no-se-podra-ver-la-cita-del-12-de-agosto-en-galicia-radio-galicia/",
        "source_publisher": "Europa Press Galicia;Cadena SER Galicia",
        "source_publishers": "Europa Press Galicia;Cadena SER Galicia",
        "verification_timestamp": "2026-08-07T08:17:00+02:00",
        "last_verified": "2026-08-07T08:17:00+02:00",
        "notes": "No precise exclusion perimeter published; geometry intentionally null."
      }
    },
    {
      "type": "Feature",
      "id": "gal-lu-14",
      "geometry": null,
      "properties": {
        "id": "gal-lu-14",
        "name": "Zona próxima á Ermida de San Marcos",
        "autonomous_community": "Galicia",
        "province": "Lugo",
        "municipality": "Sarria",
        "restriction_type": "eclipse_observation_exclusion",
        "restriction_class": "eclipse_observation_exclusion",
        "status": "provisional_confirmed_list",
        "confidence": "medium",
        "effect_start": "",
        "effect_end": "",
        "effect_date": "2026-08-12",
        "effect_time_note": "Exact hours and boundary not published in the provisional list.",
        "description": "Observation of the eclipse is prohibited at this named exclusion point; the Galicia list was described as provisional.",
        "affected_transport_modes": "pedestrian;vehicle_access;eclipse_observation",
        "affected_modes": "pedestrian;vehicle_access;eclipse_observation",
        "exemptions": "",
        "road_code": "",
        "road_location_reference": "",
        "road_reference": "",
        "direction": "",
        "planning_relevance": "viewing_location_unavailable",
        "geometry_quality": "authority_named_place_no_boundary",
        "map_query": "Zona próxima á Ermida de San Marcos, Sarria, Spain",
        "source_urls": "https://www.europapress.es/galego/noticia-torre-hercules-monte-pindo-fucino-do-porco-os-29-puntos-exclusion-eclipse-20260728154101.html;https://cadenaser.com/galicia/2026/07/28/las-zonas-prohibidas-para-el-eclipse-de-sol-donde-no-se-podra-ver-la-cita-del-12-de-agosto-en-galicia-radio-galicia/",
        "source_publisher": "Europa Press Galicia;Cadena SER Galicia",
        "source_publishers": "Europa Press Galicia;Cadena SER Galicia",
        "verification_timestamp": "2026-08-07T08:17:00+02:00",
        "last_verified": "2026-08-07T08:17:00+02:00",
        "notes": "No precise exclusion perimeter published; geometry intentionally null."
      }
    },
    {
      "type": "Feature",
      "id": "gal-lu-15",
      "geometry": null,
      "properties": {
        "id": "gal-lu-15",
        "name": "Acantilados de Papel",
        "autonomous_community": "Galicia",
        "province": "Lugo",
        "municipality": "Xove",
        "restriction_type": "eclipse_observation_exclusion",
        "restriction_class": "eclipse_observation_exclusion",
        "status": "provisional_confirmed_list",
        "confidence": "medium",
        "effect_start": "",
        "effect_end": "",
        "effect_date": "2026-08-12",
        "effect_time_note": "Exact hours and boundary not published in the provisional list.",
        "description": "Observation of the eclipse is prohibited at this named exclusion point; the Galicia list was described as provisional.",
        "affected_transport_modes": "pedestrian;vehicle_access;eclipse_observation",
        "affected_modes": "pedestrian;vehicle_access;eclipse_observation",
        "exemptions": "",
        "road_code": "",
        "road_location_reference": "",
        "road_reference": "",
        "direction": "",
        "planning_relevance": "viewing_location_unavailable",
        "geometry_quality": "authority_named_place_no_boundary",
        "map_query": "Acantilados de Papel, Xove, Spain",
        "source_urls": "https://www.europapress.es/galego/noticia-torre-hercules-monte-pindo-fucino-do-porco-os-29-puntos-exclusion-eclipse-20260728154101.html;https://cadenaser.com/galicia/2026/07/28/las-zonas-prohibidas-para-el-eclipse-de-sol-donde-no-se-podra-ver-la-cita-del-12-de-agosto-en-galicia-radio-galicia/",
        "source_publisher": "Europa Press Galicia;Cadena SER Galicia",
        "source_publishers": "Europa Press Galicia;Cadena SER Galicia",
        "verification_timestamp": "2026-08-07T08:17:00+02:00",
        "last_verified": "2026-08-07T08:17:00+02:00",
        "notes": "No precise exclusion perimeter published; geometry intentionally null."
      }
    },
    {
      "type": "Feature",
      "id": "gal-lu-16",
      "geometry": null,
      "properties": {
        "id": "gal-lu-16",
        "name": "Punta da Mansa",
        "autonomous_community": "Galicia",
        "province": "Lugo",
        "municipality": "Xove",
        "restriction_type": "eclipse_observation_exclusion",
        "restriction_class": "eclipse_observation_exclusion",
        "status": "provisional_confirmed_list",
        "confidence": "medium",
        "effect_start": "",
        "effect_end": "",
        "effect_date": "2026-08-12",
        "effect_time_note": "Exact hours and boundary not published in the provisional list.",
        "description": "Observation of the eclipse is prohibited at this named exclusion point; the Galicia list was described as provisional.",
        "affected_transport_modes": "pedestrian;vehicle_access;eclipse_observation",
        "affected_modes": "pedestrian;vehicle_access;eclipse_observation",
        "exemptions": "",
        "road_code": "",
        "road_location_reference": "",
        "road_reference": "",
        "direction": "",
        "planning_relevance": "viewing_location_unavailable",
        "geometry_quality": "authority_named_place_no_boundary",
        "map_query": "Punta da Mansa, Xove, Spain",
        "source_urls": "https://www.europapress.es/galego/noticia-torre-hercules-monte-pindo-fucino-do-porco-os-29-puntos-exclusion-eclipse-20260728154101.html;https://cadenaser.com/galicia/2026/07/28/las-zonas-prohibidas-para-el-eclipse-de-sol-donde-no-se-podra-ver-la-cita-del-12-de-agosto-en-galicia-radio-galicia/",
        "source_publisher": "Europa Press Galicia;Cadena SER Galicia",
        "source_publishers": "Europa Press Galicia;Cadena SER Galicia",
        "verification_timestamp": "2026-08-07T08:17:00+02:00",
        "last_verified": "2026-08-07T08:17:00+02:00",
        "notes": "No precise exclusion perimeter published; geometry intentionally null."
      }
    },
    {
      "type": "Feature",
      "id": "gal-lu-17",
      "geometry": null,
      "properties": {
        "id": "gal-lu-17",
        "name": "Faro Roncadoiro",
        "autonomous_community": "Galicia",
        "province": "Lugo",
        "municipality": "Xove",
        "restriction_type": "eclipse_observation_exclusion",
        "restriction_class": "eclipse_observation_exclusion",
        "status": "provisional_confirmed_list",
        "confidence": "medium",
        "effect_start": "",
        "effect_end": "",
        "effect_date": "2026-08-12",
        "effect_time_note": "Exact hours and boundary not published in the provisional list.",
        "description": "Observation of the eclipse is prohibited at this named exclusion point; the Galicia list was described as provisional.",
        "affected_transport_modes": "pedestrian;vehicle_access;eclipse_observation",
        "affected_modes": "pedestrian;vehicle_access;eclipse_observation",
        "exemptions": "",
        "road_code": "",
        "road_location_reference": "",
        "road_reference": "",
        "direction": "",
        "planning_relevance": "viewing_location_unavailable",
        "geometry_quality": "authority_named_place_no_boundary",
        "map_query": "Faro Roncadoiro, Xove, Spain",
        "source_urls": "https://www.europapress.es/galego/noticia-torre-hercules-monte-pindo-fucino-do-porco-os-29-puntos-exclusion-eclipse-20260728154101.html;https://cadenaser.com/galicia/2026/07/28/las-zonas-prohibidas-para-el-eclipse-de-sol-donde-no-se-podra-ver-la-cita-del-12-de-agosto-en-galicia-radio-galicia/",
        "source_publisher": "Europa Press Galicia;Cadena SER Galicia",
        "source_publishers": "Europa Press Galicia;Cadena SER Galicia",
        "verification_timestamp": "2026-08-07T08:17:00+02:00",
        "last_verified": "2026-08-07T08:17:00+02:00",
        "notes": "No precise exclusion perimeter published; geometry intentionally null."
      }
    },
    {
      "type": "Feature",
      "id": "gal-lu-catedrais-01",
      "geometry": null,
      "properties": {
        "id": "gal-lu-catedrais-01",
        "name": "Praia das Catedrais Natural Monument",
        "autonomous_community": "Galicia",
        "province": "Lugo",
        "municipality": "Ribadeo",
        "restriction_type": "natural_monument_access_closure",
        "restriction_class": "natural_monument_access_closure",
        "status": "confirmed",
        "confidence": "high",
        "effect_start": "2026-08-12T00:00:00+02:00",
        "effect_end": "2026-08-13T07:30:00+02:00",
        "effect_date": "2026-08-12",
        "effect_time_note": "",
        "description": "Public access to the Natural Monument is restricted for all of 12 August and until 07:30 on 13 August due to expected extraordinary eclipse visitation.",
        "affected_transport_modes": "pedestrian;public_access;eclipse_observation",
        "affected_modes": "pedestrian;public_access;eclipse_observation",
        "exemptions": "",
        "road_code": "",
        "road_location_reference": "",
        "road_reference": "",
        "direction": "",
        "planning_relevance": "viewing_location_unavailable",
        "geometry_quality": "authority_named_place_no_boundary",
        "map_query": "Praia das Catedrais Natural Monument, Ribadeo, Spain",
        "source_urls": "https://ascatedrais.xunta.gal/monatr/inicio?lang=es",
        "source_publisher": "Xunta de Galicia",
        "source_publishers": "Xunta de Galicia",
        "verification_timestamp": "2026-08-07T08:17:00+02:00",
        "last_verified": "2026-08-07T08:17:00+02:00",
        "notes": ""
      }
    },
    {
      "type": "Feature",
      "id": "gal-ou-01",
      "geometry": null,
      "properties": {
        "id": "gal-ou-01",
        "name": "Pista de montaña no Miradoiro de San Martín",
        "autonomous_community": "Galicia",
        "province": "Ourense",
        "municipality": "A Rúa",
        "restriction_type": "eclipse_observation_exclusion",
        "restriction_class": "eclipse_observation_exclusion",
        "status": "provisional_confirmed_list",
        "confidence": "medium",
        "effect_start": "",
        "effect_end": "",
        "effect_date": "2026-08-12",
        "effect_time_note": "Exact hours and boundary not published in the provisional list.",
        "description": "Observation of the eclipse is prohibited at this named exclusion point; the Galicia list was described as provisional.",
        "affected_transport_modes": "pedestrian;vehicle_access;eclipse_observation",
        "affected_modes": "pedestrian;vehicle_access;eclipse_observation",
        "exemptions": "",
        "road_code": "",
        "road_location_reference": "",
        "road_reference": "",
        "direction": "",
        "planning_relevance": "viewing_location_unavailable",
        "geometry_quality": "authority_named_place_no_boundary",
        "map_query": "Pista de montaña no Miradoiro de San Martín, A Rúa, Spain",
        "source_urls": "https://www.europapress.es/galego/noticia-torre-hercules-monte-pindo-fucino-do-porco-os-29-puntos-exclusion-eclipse-20260728154101.html;https://cadenaser.com/galicia/2026/07/28/las-zonas-prohibidas-para-el-eclipse-de-sol-donde-no-se-podra-ver-la-cita-del-12-de-agosto-en-galicia-radio-galicia/",
        "source_publisher": "Europa Press Galicia;Cadena SER Galicia",
        "source_publishers": "Europa Press Galicia;Cadena SER Galicia",
        "verification_timestamp": "2026-08-07T08:17:00+02:00",
        "last_verified": "2026-08-07T08:17:00+02:00",
        "notes": "No precise exclusion perimeter published; geometry intentionally null."
      }
    },
    {
      "type": "Feature",
      "id": "gal-po-01",
      "geometry": null,
      "properties": {
        "id": "gal-po-01",
        "name": "Xestoso",
        "autonomous_community": "Galicia",
        "province": "Pontevedra",
        "municipality": "Silleda",
        "restriction_type": "eclipse_observation_exclusion",
        "restriction_class": "eclipse_observation_exclusion",
        "status": "provisional_confirmed_list",
        "confidence": "medium",
        "effect_start": "",
        "effect_end": "",
        "effect_date": "2026-08-12",
        "effect_time_note": "Exact hours and boundary not published in the provisional list.",
        "description": "Observation of the eclipse is prohibited at this named exclusion point; the Galicia list was described as provisional.",
        "affected_transport_modes": "pedestrian;vehicle_access;eclipse_observation",
        "affected_modes": "pedestrian;vehicle_access;eclipse_observation",
        "exemptions": "",
        "road_code": "",
        "road_location_reference": "",
        "road_reference": "",
        "direction": "",
        "planning_relevance": "viewing_location_unavailable",
        "geometry_quality": "authority_named_place_no_boundary",
        "map_query": "Xestoso, Silleda, Spain",
        "source_urls": "https://www.europapress.es/galego/noticia-torre-hercules-monte-pindo-fucino-do-porco-os-29-puntos-exclusion-eclipse-20260728154101.html;https://cadenaser.com/galicia/2026/07/28/las-zonas-prohibidas-para-el-eclipse-de-sol-donde-no-se-podra-ver-la-cita-del-12-de-agosto-en-galicia-radio-galicia/",
        "source_publisher": "Europa Press Galicia;Cadena SER Galicia",
        "source_publishers": "Europa Press Galicia;Cadena SER Galicia",
        "verification_timestamp": "2026-08-07T08:17:00+02:00",
        "last_verified": "2026-08-07T08:17:00+02:00",
        "notes": "No precise exclusion perimeter published; geometry intentionally null."
      }
    },
    {
      "type": "Feature",
      "id": "gal-po-02",
      "geometry": null,
      "properties": {
        "id": "gal-po-02",
        "name": "Fervenza do Toxa",
        "autonomous_community": "Galicia",
        "province": "Pontevedra",
        "municipality": "Silleda",
        "restriction_type": "eclipse_observation_exclusion",
        "restriction_class": "eclipse_observation_exclusion",
        "status": "provisional_confirmed_list",
        "confidence": "medium",
        "effect_start": "",
        "effect_end": "",
        "effect_date": "2026-08-12",
        "effect_time_note": "Exact hours and boundary not published in the provisional list.",
        "description": "Observation of the eclipse is prohibited at this named exclusion point; the Galicia list was described as provisional.",
        "affected_transport_modes": "pedestrian;vehicle_access;eclipse_observation",
        "affected_modes": "pedestrian;vehicle_access;eclipse_observation",
        "exemptions": "",
        "road_code": "",
        "road_location_reference": "",
        "road_reference": "",
        "direction": "",
        "planning_relevance": "viewing_location_unavailable",
        "geometry_quality": "authority_named_place_no_boundary",
        "map_query": "Fervenza do Toxa, Silleda, Spain",
        "source_urls": "https://www.europapress.es/galego/noticia-torre-hercules-monte-pindo-fucino-do-porco-os-29-puntos-exclusion-eclipse-20260728154101.html;https://cadenaser.com/galicia/2026/07/28/las-zonas-prohibidas-para-el-eclipse-de-sol-donde-no-se-podra-ver-la-cita-del-12-de-agosto-en-galicia-radio-galicia/",
        "source_publisher": "Europa Press Galicia;Cadena SER Galicia",
        "source_publishers": "Europa Press Galicia;Cadena SER Galicia",
        "verification_timestamp": "2026-08-07T08:17:00+02:00",
        "last_verified": "2026-08-07T08:17:00+02:00",
        "notes": "No precise exclusion perimeter published; geometry intentionally null."
      }
    },
    {
      "type": "Feature",
      "id": "gal-po-03",
      "geometry": null,
      "properties": {
        "id": "gal-po-03",
        "name": "Monte da Guía",
        "autonomous_community": "Galicia",
        "province": "Pontevedra",
        "municipality": "Vigo",
        "restriction_type": "eclipse_observation_exclusion",
        "restriction_class": "eclipse_observation_exclusion",
        "status": "provisional_confirmed_list",
        "confidence": "medium",
        "effect_start": "",
        "effect_end": "",
        "effect_date": "2026-08-12",
        "effect_time_note": "Exact hours and boundary not published in the provisional list.",
        "description": "Observation of the eclipse is prohibited at this named exclusion point; the Galicia list was described as provisional.",
        "affected_transport_modes": "pedestrian;vehicle_access;eclipse_observation",
        "affected_modes": "pedestrian;vehicle_access;eclipse_observation",
        "exemptions": "",
        "road_code": "",
        "road_location_reference": "",
        "road_reference": "",
        "direction": "",
        "planning_relevance": "viewing_location_unavailable",
        "geometry_quality": "authority_named_place_no_boundary",
        "map_query": "Monte da Guía, Vigo, Spain",
        "source_urls": "https://www.europapress.es/galego/noticia-torre-hercules-monte-pindo-fucino-do-porco-os-29-puntos-exclusion-eclipse-20260728154101.html;https://cadenaser.com/galicia/2026/07/28/las-zonas-prohibidas-para-el-eclipse-de-sol-donde-no-se-podra-ver-la-cita-del-12-de-agosto-en-galicia-radio-galicia/",
        "source_publisher": "Europa Press Galicia;Cadena SER Galicia",
        "source_publishers": "Europa Press Galicia;Cadena SER Galicia",
        "verification_timestamp": "2026-08-07T08:17:00+02:00",
        "last_verified": "2026-08-07T08:17:00+02:00",
        "notes": "No precise exclusion perimeter published; geometry intentionally null."
      }
    },
    {
      "type": "Feature",
      "id": "gal-valdovino-baleo-veiga-01",
      "geometry": null,
      "properties": {
        "id": "gal-valdovino-baleo-veiga-01",
        "name": "Estrada da Costa O Baleo–A Veiga",
        "autonomous_community": "Galicia",
        "province": "A Coruña",
        "municipality": "Valdoviño",
        "restriction_type": "motor_vehicle_access_restriction",
        "restriction_class": "motor_vehicle_access_restriction",
        "status": "confirmed",
        "confidence": "high",
        "effect_start": "",
        "effect_end": "",
        "effect_date": "2026-08-12",
        "effect_time_note": "",
        "description": "Vehicle access is limited on 12 August except for emergency or authorized vehicles.",
        "affected_transport_modes": "motor_vehicle",
        "affected_modes": "motor_vehicle",
        "exemptions": "emergency vehicles;authorized vehicles",
        "road_code": "",
        "road_location_reference": "Estrada da Costa between O Baleo and A Veiga (Pantín)",
        "road_reference": "Estrada da Costa between O Baleo and A Veiga (Pantín)",
        "direction": "",
        "planning_relevance": "coastal_vehicle_access_restricted",
        "geometry_quality": "authority_named_place_no_boundary",
        "map_query": "Estrada da Costa O Baleo–A Veiga, Valdoviño, Spain",
        "source_urls": "https://www.concellodevaldovino.com/?p=27214",
        "source_publisher": "Concello de Valdoviño",
        "source_publishers": "Concello de Valdoviño",
        "verification_timestamp": "2026-08-07T08:17:00+02:00",
        "last_verified": "2026-08-07T08:17:00+02:00",
        "notes": ""
      }
    },
    {
      "type": "Feature",
      "id": "gal-valdovino-bathing-01",
      "geometry": null,
      "properties": {
        "id": "gal-valdovino-bathing-01",
        "name": "Valdoviño beaches",
        "autonomous_community": "Galicia",
        "province": "A Coruña",
        "municipality": "Valdoviño",
        "restriction_type": "bathing_prohibition",
        "restriction_class": "bathing_prohibition",
        "status": "confirmed",
        "confidence": "high",
        "effect_start": "",
        "effect_end": "",
        "effect_date": "2026-08-12",
        "effect_time_note": "",
        "description": "Bathing is prohibited during the eclipse except in areas expressly enabled by the lifesaving service.",
        "affected_transport_modes": "bathing",
        "affected_modes": "bathing",
        "exemptions": "",
        "road_code": "",
        "road_location_reference": "",
        "road_reference": "",
        "direction": "",
        "planning_relevance": "beach_use_restricted",
        "geometry_quality": "authority_named_place_no_boundary",
        "map_query": "Valdoviño beaches, Valdoviño, Spain",
        "source_urls": "https://www.concellodevaldovino.com/?p=27214",
        "source_publisher": "Concello de Valdoviño",
        "source_publishers": "Concello de Valdoviño",
        "verification_timestamp": "2026-08-07T08:17:00+02:00",
        "last_verified": "2026-08-07T08:17:00+02:00",
        "notes": ""
      }
    },
    {
      "type": "Feature",
      "id": "gal-valdovino-campelo-01",
      "geometry": null,
      "properties": {
        "id": "gal-valdovino-campelo-01",
        "name": "Accesses to Campelo batteries",
        "autonomous_community": "Galicia",
        "province": "A Coruña",
        "municipality": "Valdoviño",
        "restriction_type": "motor_vehicle_access_restriction",
        "restriction_class": "motor_vehicle_access_restriction",
        "status": "confirmed",
        "confidence": "high",
        "effect_start": "",
        "effect_end": "",
        "effect_date": "2026-08-12",
        "effect_time_note": "",
        "description": "Vehicle access is limited on 12 August except for emergency or authorized vehicles.",
        "affected_transport_modes": "motor_vehicle",
        "affected_modes": "motor_vehicle",
        "exemptions": "emergency vehicles;authorized vehicles",
        "road_code": "",
        "road_location_reference": "accesses to the Campelo batteries",
        "road_reference": "accesses to the Campelo batteries",
        "direction": "",
        "planning_relevance": "coastal_vehicle_access_restricted",
        "geometry_quality": "authority_named_place_no_boundary",
        "map_query": "Accesses to Campelo batteries, Valdoviño, Spain",
        "source_urls": "https://www.concellodevaldovino.com/?p=27214",
        "source_publisher": "Concello de Valdoviño",
        "source_publishers": "Concello de Valdoviño",
        "verification_timestamp": "2026-08-07T08:17:00+02:00",
        "last_verified": "2026-08-07T08:17:00+02:00",
        "notes": ""
      }
    },
    {
      "type": "Feature",
      "id": "gal-valdovino-cliffs-01",
      "geometry": null,
      "properties": {
        "id": "gal-valdovino-cliffs-01",
        "name": "Valdoviño cliff zones",
        "autonomous_community": "Galicia",
        "province": "A Coruña",
        "municipality": "Valdoviño",
        "restriction_type": "pedestrian_cliff_access_ban",
        "restriction_class": "pedestrian_cliff_access_ban",
        "status": "confirmed",
        "confidence": "high",
        "effect_start": "",
        "effect_end": "",
        "effect_date": "2026-08-12",
        "effect_time_note": "",
        "description": "Pedestrians may not approach cliff zones and may not leave existing accesses except in expressly authorized areas.",
        "affected_transport_modes": "pedestrian",
        "affected_modes": "pedestrian",
        "exemptions": "",
        "road_code": "",
        "road_location_reference": "",
        "road_reference": "",
        "direction": "",
        "planning_relevance": "cliff_viewpoints_restricted",
        "geometry_quality": "authority_named_place_no_boundary",
        "map_query": "Valdoviño cliff zones, Valdoviño, Spain",
        "source_urls": "https://www.concellodevaldovino.com/?p=27214",
        "source_publisher": "Concello de Valdoviño",
        "source_publishers": "Concello de Valdoviño",
        "verification_timestamp": "2026-08-07T08:17:00+02:00",
        "last_verified": "2026-08-07T08:17:00+02:00",
        "notes": ""
      }
    },
    {
      "type": "Feature",
      "id": "gal-valdovino-coastalpaths-01",
      "geometry": null,
      "properties": {
        "id": "gal-valdovino-coastalpaths-01",
        "name": "Coastal roads/paths to Punta Frouxeira, Porto Carrizo, O Baleo and Punta Chirlateira",
        "autonomous_community": "Galicia",
        "province": "A Coruña",
        "municipality": "Valdoviño",
        "restriction_type": "motor_vehicle_access_restriction",
        "restriction_class": "motor_vehicle_access_restriction",
        "status": "confirmed",
        "confidence": "high",
        "effect_start": "",
        "effect_end": "",
        "effect_date": "2026-08-12",
        "effect_time_note": "",
        "description": "Vehicle access is limited on 12 August except for emergency or authorized vehicles.",
        "affected_transport_modes": "motor_vehicle",
        "affected_modes": "motor_vehicle",
        "exemptions": "emergency vehicles;authorized vehicles",
        "road_code": "",
        "road_location_reference": "roads, paths and trails to coastal spaces, especially Punta Frouxeira, Porto Carrizo, O Baleo and Punta Chirlateira",
        "road_reference": "roads, paths and trails to coastal spaces, especially Punta Frouxeira, Porto Carrizo, O Baleo and Punta Chirlateira",
        "direction": "",
        "planning_relevance": "coastal_vehicle_access_restricted",
        "geometry_quality": "authority_named_place_no_boundary",
        "map_query": "Coastal roads/paths to Punta Frouxeira, Porto Carrizo, O Baleo and Punta Chirlateira, Valdoviño, Spain",
        "source_urls": "https://www.concellodevaldovino.com/?p=27214",
        "source_publisher": "Concello de Valdoviño",
        "source_publishers": "Concello de Valdoviño",
        "verification_timestamp": "2026-08-07T08:17:00+02:00",
        "last_verified": "2026-08-07T08:17:00+02:00",
        "notes": ""
      }
    },
    {
      "type": "Feature",
      "id": "gal-valdovino-frouxeira-road-01",
      "geometry": null,
      "properties": {
        "id": "gal-valdovino-frouxeira-road-01",
        "name": "Punta Frouxeira lighthouse access from Mourillá",
        "autonomous_community": "Galicia",
        "province": "A Coruña",
        "municipality": "Valdoviño",
        "restriction_type": "motor_vehicle_access_restriction",
        "restriction_class": "motor_vehicle_access_restriction",
        "status": "confirmed",
        "confidence": "high",
        "effect_start": "",
        "effect_end": "",
        "effect_date": "2026-08-12",
        "effect_time_note": "",
        "description": "Vehicle access is limited on 12 August except for emergency or authorized vehicles.",
        "affected_transport_modes": "motor_vehicle",
        "affected_modes": "motor_vehicle",
        "exemptions": "emergency vehicles;authorized vehicles",
        "road_code": "",
        "road_location_reference": "access to Faro de Punta Frouxeira from Praia de Mourillá",
        "road_reference": "access to Faro de Punta Frouxeira from Praia de Mourillá",
        "direction": "",
        "planning_relevance": "coastal_vehicle_access_restricted",
        "geometry_quality": "authority_named_place_no_boundary",
        "map_query": "Punta Frouxeira lighthouse access from Mourillá, Valdoviño, Spain",
        "source_urls": "https://www.concellodevaldovino.com/?p=27214",
        "source_publisher": "Concello de Valdoviño",
        "source_publishers": "Concello de Valdoviño",
        "verification_timestamp": "2026-08-07T08:17:00+02:00",
        "last_verified": "2026-08-07T08:17:00+02:00",
        "notes": ""
      }
    },
    {
      "type": "Feature",
      "id": "gal-valdovino-ladeira-marnela-01",
      "geometry": null,
      "properties": {
        "id": "gal-valdovino-ladeira-marnela-01",
        "name": "Estrada da Costa A Ladeira–Marnela",
        "autonomous_community": "Galicia",
        "province": "A Coruña",
        "municipality": "Valdoviño",
        "restriction_type": "motor_vehicle_access_restriction",
        "restriction_class": "motor_vehicle_access_restriction",
        "status": "confirmed",
        "confidence": "high",
        "effect_start": "",
        "effect_end": "",
        "effect_date": "2026-08-12",
        "effect_time_note": "",
        "description": "Vehicle access is limited on 12 August except for emergency or authorized vehicles.",
        "affected_transport_modes": "motor_vehicle",
        "affected_modes": "motor_vehicle",
        "exemptions": "emergency vehicles;authorized vehicles",
        "road_code": "",
        "road_location_reference": "Estrada da Costa between A Ladeira (Valdoviño) and Marnela (Pantín)",
        "road_reference": "Estrada da Costa between A Ladeira (Valdoviño) and Marnela (Pantín)",
        "direction": "",
        "planning_relevance": "coastal_vehicle_access_restricted",
        "geometry_quality": "authority_named_place_no_boundary",
        "map_query": "Estrada da Costa A Ladeira–Marnela, Valdoviño, Spain",
        "source_urls": "https://www.concellodevaldovino.com/?p=27214",
        "source_publisher": "Concello de Valdoviño",
        "source_publishers": "Concello de Valdoviño",
        "verification_timestamp": "2026-08-07T08:17:00+02:00",
        "last_verified": "2026-08-07T08:17:00+02:00",
        "notes": ""
      }
    },
    {
      "type": "Feature",
      "id": "gal-valdovino-military-01",
      "geometry": null,
      "properties": {
        "id": "gal-valdovino-military-01",
        "name": "Old military structures at Campelo and below Faro Punta Frouxeira",
        "autonomous_community": "Galicia",
        "province": "A Coruña",
        "municipality": "Valdoviño",
        "restriction_type": "site_access_prohibited",
        "restriction_class": "site_access_prohibited",
        "status": "confirmed",
        "confidence": "high",
        "effect_start": "",
        "effect_end": "",
        "effect_date": "2026-08-12",
        "effect_time_note": "",
        "description": "Approach to the former military structures at Campelo and below Punta Frouxeira lighthouse is prohibited.",
        "affected_transport_modes": "pedestrian",
        "affected_modes": "pedestrian",
        "exemptions": "",
        "road_code": "",
        "road_location_reference": "",
        "road_reference": "",
        "direction": "",
        "planning_relevance": "viewing_location_unavailable",
        "geometry_quality": "authority_named_place_no_boundary",
        "map_query": "Old military structures at Campelo and below Faro Punta Frouxeira, Valdoviño, Spain",
        "source_urls": "https://www.concellodevaldovino.com/?p=27214",
        "source_publisher": "Concello de Valdoviño",
        "source_publishers": "Concello de Valdoviño",
        "verification_timestamp": "2026-08-07T08:17:00+02:00",
        "last_verified": "2026-08-07T08:17:00+02:00",
        "notes": ""
      }
    },
    {
      "type": "Feature",
      "id": "gal-valdovino-parking-01",
      "geometry": null,
      "properties": {
        "id": "gal-valdovino-parking-01",
        "name": "Valdoviño coastal parking",
        "autonomous_community": "Galicia",
        "province": "A Coruña",
        "municipality": "Valdoviño",
        "restriction_type": "parking_restriction",
        "restriction_class": "parking_restriction",
        "status": "confirmed",
        "confidence": "high",
        "effect_start": "",
        "effect_end": "",
        "effect_date": "2026-08-12",
        "effect_time_note": "",
        "description": "Parking outside designated areas, especially road margins without marked parking space, is prohibited; overnight stays in parking areas are also prohibited.",
        "affected_transport_modes": "parking;motorhome;campervan",
        "affected_modes": "parking;motorhome;campervan",
        "exemptions": "",
        "road_code": "",
        "road_location_reference": "",
        "road_reference": "",
        "direction": "",
        "planning_relevance": "informal_parking_unavailable",
        "geometry_quality": "authority_named_place_no_boundary",
        "map_query": "Valdoviño coastal parking, Valdoviño, Spain",
        "source_urls": "https://www.concellodevaldovino.com/?p=27214",
        "source_publisher": "Concello de Valdoviño",
        "source_publishers": "Concello de Valdoviño",
        "verification_timestamp": "2026-08-07T08:17:00+02:00",
        "last_verified": "2026-08-07T08:17:00+02:00",
        "notes": ""
      }
    },
    {
      "type": "Feature",
      "id": "mad-buitrago-riosequillo-01",
      "geometry": null,
      "properties": {
        "id": "mad-buitrago-riosequillo-01",
        "name": "Área Recreativa de Riosequillo eclipse festival",
        "autonomous_community": "Comunidad de Madrid",
        "province": "Madrid",
        "municipality": "Buitrago del Lozoya",
        "restriction_type": "ticketed_capacity_access",
        "restriction_class": "ticketed_capacity_access",
        "status": "confirmed",
        "confidence": "high",
        "effect_start": "2026-08-12T11:00:00+02:00",
        "effect_end": "2026-08-12T21:00:00+02:00",
        "effect_date": "2026-08-12",
        "effect_time_note": "",
        "description": "Only holders of a physical event ticket are admitted; tickets are sold out, and validated tickets cannot be reused for re-entry.",
        "affected_transport_modes": "public_entry",
        "affected_modes": "public_entry",
        "exemptions": "",
        "road_code": "",
        "road_location_reference": "",
        "road_reference": "",
        "direction": "",
        "planning_relevance": "official_viewing_site_sold_out",
        "geometry_quality": "authority_named_place_no_boundary",
        "map_query": "Área Recreativa de Riosequillo eclipse festival, Buitrago del Lozoya, Spain",
        "source_urls": "https://www.buitrago.org/inicio/agenda/436-festival-del-eclipse/2026-08-12-17-00;https://turismo.buitrago.org/product/festival-del-eclipse-12-de-agosto/",
        "source_publisher": "Ayuntamiento de Buitrago del Lozoya / Turismo Buitrago",
        "source_publishers": "Ayuntamiento de Buitrago del Lozoya / Turismo Buitrago",
        "verification_timestamp": "2026-08-07T08:17:00+02:00",
        "last_verified": "2026-08-07T08:17:00+02:00",
        "notes": ""
      }
    },
    {
      "type": "Feature",
      "id": "mad-soto-cabezuela-01",
      "geometry": null,
      "properties": {
        "id": "mad-soto-cabezuela-01",
        "name": "Finca La Cabezuela eclipse event",
        "autonomous_community": "Comunidad de Madrid",
        "province": "Madrid",
        "municipality": "Soto del Real",
        "restriction_type": "vehicle_access_prohibition",
        "restriction_class": "vehicle_access_prohibition",
        "status": "confirmed",
        "confidence": "high",
        "effect_start": "2026-08-12T18:30:00+02:00",
        "effect_end": "2026-08-12T21:00:00+02:00",
        "effect_date": "2026-08-12",
        "effect_time_note": "",
        "description": "Vehicle access to the observation enclosure is strictly prohibited; event registration is free but mandatory until capacity.",
        "affected_transport_modes": "motor_vehicle;public_entry",
        "affected_modes": "motor_vehicle;public_entry",
        "exemptions": "",
        "road_code": "",
        "road_location_reference": "",
        "road_reference": "",
        "direction": "",
        "planning_relevance": "event_site_foot_access_and_registration_only",
        "geometry_quality": "authority_named_place_no_boundary",
        "map_query": "Finca La Cabezuela eclipse event, Soto del Real, Spain",
        "source_urls": "https://www.ayto-sotodelreal.es/event/observacion-eclipse-solar-total/",
        "source_publisher": "Ayuntamiento de Soto del Real",
        "source_publishers": "Ayuntamiento de Soto del Real",
        "verification_timestamp": "2026-08-07T08:17:00+02:00",
        "last_verified": "2026-08-07T08:17:00+02:00",
        "notes": ""
      }
    },
    {
      "type": "Feature",
      "id": "mad-tc-01",
      "geometry": null,
      "properties": {
        "id": "mad-tc-01",
        "name": "Finca de Valdeloshielos",
        "autonomous_community": "Comunidad de Madrid",
        "province": "Madrid",
        "municipality": "Tres Cantos",
        "restriction_type": "motor_vehicle_access_restriction",
        "restriction_class": "motor_vehicle_access_restriction",
        "status": "reported_confirmed",
        "confidence": "medium",
        "effect_start": "",
        "effect_end": "",
        "effect_date": "2026-08-12",
        "effect_time_note": "",
        "description": "The organized eclipse activities were cancelled because of wildfire risk; vehicle access to the estate is restricted. Do not interpret this record as a confirmed blanket pedestrian closure.",
        "affected_transport_modes": "motor_vehicle",
        "affected_modes": "motor_vehicle",
        "exemptions": "",
        "road_code": "",
        "road_location_reference": "",
        "road_reference": "",
        "direction": "",
        "planning_relevance": "organized_event_cancelled_vehicle_access_restricted",
        "geometry_quality": "authority_named_place_no_boundary",
        "map_query": "Finca de Valdeloshielos, Tres Cantos, Spain",
        "source_urls": "https://elpais.com/espana/madrid/2026-08-07/tres-cantos-cancela-las-actividades-del-eclipse-solar-y-una-plataforma-pide-que-no-se-celebren-en-la-sierra-norte.html",
        "source_publisher": "EL PAÍS reporting Ayuntamiento de Tres Cantos",
        "source_publishers": "EL PAÍS reporting Ayuntamiento de Tres Cantos",
        "verification_timestamp": "2026-08-07T08:17:00+02:00",
        "last_verified": "2026-08-07T08:17:00+02:00",
        "notes": ""
      }
    },
    {
      "type": "Feature",
      "id": "nav-bardenas-01",
      "geometry": null,
      "properties": {
        "id": "nav-bardenas-01",
        "name": "Bardenas Reales Parque Natural y Reserva de la Biosfera",
        "autonomous_community": "Navarra",
        "province": "Navarra",
        "municipality": "Arguedas/Tudela area",
        "restriction_type": "natural_area_public_access_closure",
        "restriction_class": "natural_area_public_access_closure",
        "status": "confirmed",
        "confidence": "high",
        "effect_start": "2026-08-12T18:00:00+02:00",
        "effect_end": "",
        "effect_date": "2026-08-12",
        "effect_time_note": "",
        "description": "The managing Community of Bardenas Reales prohibits public access to the natural area from 18:00 on eclipse day.",
        "affected_transport_modes": "pedestrian;vehicle_access;eclipse_observation",
        "affected_modes": "pedestrian;vehicle_access;eclipse_observation",
        "exemptions": "",
        "road_code": "",
        "road_location_reference": "",
        "road_reference": "",
        "direction": "",
        "planning_relevance": "viewing_location_unavailable_from_18_00",
        "geometry_quality": "protected_area_boundary_not_embedded",
        "map_query": "Bardenas Reales Parque Natural y Reserva de la Biosfera, Arguedas/Tudela area, Spain",
        "source_urls": "https://bardenasreales.es/",
        "source_publisher": "Comunidad de Bardenas Reales de Navarra",
        "source_publishers": "Comunidad de Bardenas Reales de Navarra",
        "verification_timestamp": "2026-08-07T08:17:00+02:00",
        "last_verified": "2026-08-07T08:17:00+02:00",
        "notes": "Published 4 Aug. This is distinct from ticketed official Navarra observation facilities carrying the Bardenas name."
      }
    },
    {
      "type": "Feature",
      "id": "navarra-hgv-01",
      "geometry": null,
      "properties": {
        "id": "navarra-hgv-01",
        "name": "Public road network of Navarra",
        "autonomous_community": "Navarra",
        "province": "Navarra",
        "municipality": "",
        "restriction_type": "heavy_goods_vehicle_circulation_ban",
        "restriction_class": "heavy_goods_vehicle_circulation_ban",
        "status": "confirmed",
        "confidence": "high",
        "effect_start": "2026-08-12T17:00:00+02:00",
        "effect_end": "2026-08-12T23:59:00+02:00",
        "effect_date": "2026-08-12",
        "effect_time_note": "",
        "description": "Goods vehicles or combinations over 7,500 kg MMA/MMC may not circulate on Navarra public roads.",
        "affected_transport_modes": "goods_vehicle_over_7500kg",
        "affected_modes": "goods_vehicle_over_7500kg",
        "exemptions": "AP-68 km 162.56–166.85 and km 201.62–236.98 both directions;animals/emergency/fuel and other published exemptions",
        "road_code": "",
        "road_location_reference": "",
        "road_reference": "",
        "direction": "",
        "planning_relevance": "passenger_cars_not_directly_restricted",
        "geometry_quality": "authority_named_place_no_boundary",
        "map_query": "Public road network of Navarra, Navarra, Spain",
        "source_urls": "https://navarramasvoluntaria.navarra.es/es/noticias/el-dispositivo-de-seguridad-desplegado-para-el-dia-del-eclipse-en-navarra-estara-formado-por-1-165-personas",
        "source_publisher": "Gobierno de Navarra",
        "source_publishers": "Gobierno de Navarra",
        "verification_timestamp": "2026-08-07T08:17:00+02:00",
        "last_verified": "2026-08-07T08:17:00+02:00",
        "notes": ""
      }
    },
    {
      "type": "Feature",
      "id": "pv-bi-gaztelugatxe-01",
      "geometry": null,
      "properties": {
        "id": "pv-bi-gaztelugatxe-01",
        "name": "San Juan de Gaztelugatxe",
        "autonomous_community": "País Vasco / Euskadi",
        "province": "Bizkaia",
        "municipality": "Bermeo/Bakio",
        "restriction_type": "site_access_closure",
        "restriction_class": "site_access_closure",
        "status": "reported_confirmed",
        "confidence": "high",
        "effect_start": "",
        "effect_end": "",
        "effect_date": "2026-08-12",
        "effect_time_note": "All accesses close during the afternoon, several hours before the eclipse; exact clock time not published.",
        "description": "Diputación de Bizkaia sources confirm closure of all accesses to Gaztelugatxe on the afternoon of 12 August.",
        "affected_transport_modes": "pedestrian;vehicle_access;eclipse_observation",
        "affected_modes": "pedestrian;vehicle_access;eclipse_observation",
        "exemptions": "",
        "road_code": "",
        "road_location_reference": "",
        "road_reference": "",
        "direction": "",
        "planning_relevance": "viewing_location_unavailable",
        "geometry_quality": "authority_named_place_no_boundary",
        "map_query": "San Juan de Gaztelugatxe, Bermeo/Bakio, Spain",
        "source_urls": "https://cadenaser.com/euskadi/2026/08/06/acceso-cerrado-a-gaztelugatxe-la-tarde-del-eclipse-solar-radio-bilbao/",
        "source_publisher": "Cadena SER Radio Bilbao quoting Diputación Foral de Bizkaia",
        "source_publishers": "Cadena SER Radio Bilbao quoting Diputación Foral de Bizkaia",
        "verification_timestamp": "2026-08-07T08:17:00+02:00",
        "last_verified": "2026-08-07T08:17:00+02:00",
        "notes": ""
      }
    },
    {
      "type": "Feature",
      "id": "pv-bi-gorbeia-01",
      "geometry": null,
      "properties": {
        "id": "pv-bi-gorbeia-01",
        "name": "Gorbeia Natural Park (Bizkaia side)",
        "autonomous_community": "País Vasco / Euskadi",
        "province": "Bizkaia",
        "municipality": "",
        "restriction_type": "access_controls_announced",
        "restriction_class": "access_controls_announced",
        "status": "reported_confirmed",
        "confidence": "medium",
        "effect_start": "",
        "effect_end": "",
        "effect_date": "2026-08-12",
        "effect_time_note": "Controls are announced for eclipse afternoon; exact roads, checkpoints and times were not published in the located report.",
        "description": "Bizkaia natural parks are reported to have access controls on eclipse day, with particular attention to Gorbeia. This is not recorded as a blanket park closure; park visitor centres are reported to remain open normally.",
        "affected_transport_modes": "vehicle_access;public_access",
        "affected_modes": "vehicle_access;public_access",
        "exemptions": "",
        "road_code": "",
        "road_location_reference": "Gorbeia Natural Park approaches (Bizkaia side)",
        "road_reference": "Gorbeia Natural Park approaches (Bizkaia side)",
        "direction": "",
        "planning_relevance": "access_controls_expected_not_blanket_closure",
        "geometry_quality": "protected_area_named_no_control_geometry",
        "map_query": "Gorbeia Natural Park, Bizkaia, Spain",
        "source_urls": "https://cadenaser.com/euskadi/2026/08/06/acceso-cerrado-a-gaztelugatxe-la-tarde-del-eclipse-solar-radio-bilbao/",
        "source_publisher": "Cadena SER Radio Bilbao reporting Diputación Foral de Bizkaia",
        "source_publishers": "Cadena SER Radio Bilbao reporting Diputación Foral de Bizkaia",
        "verification_timestamp": "2026-08-07T08:17:00+02:00",
        "last_verified": "2026-08-07T08:17:00+02:00",
        "notes": "Do not interpret as a closure: the same reporting says Bizkaia park visitor centres operate normally."
      }
    },
    {
      "type": "Feature",
      "id": "rioja-forest-01",
      "geometry": null,
      "properties": {
        "id": "rioja-forest-01",
        "name": "All forest land in La Rioja",
        "autonomous_community": "La Rioja",
        "province": "La Rioja",
        "municipality": "",
        "restriction_type": "internal_combustion_motor_vehicle_ban",
        "restriction_class": "internal_combustion_motor_vehicle_ban",
        "status": "reported_government_measure",
        "confidence": "medium_high",
        "effect_start": "2026-08-12T15:00:00+02:00",
        "effect_end": "2026-08-13T07:00:00+02:00",
        "effect_date": "2026-08-12",
        "effect_time_note": "",
        "description": "Internal-combustion motor vehicles may not circulate on forest land.",
        "affected_transport_modes": "petrol_vehicle;diesel_vehicle;internal_combustion_motorcycle",
        "affected_modes": "petrol_vehicle;diesel_vehicle;internal_combustion_motorcycle",
        "exemptions": "access to inhabited settlements;surveillance services;designated observation points;other published exemptions",
        "road_code": "",
        "road_location_reference": "",
        "road_reference": "",
        "direction": "",
        "planning_relevance": "forest_and_mountain_car_access_prohibited",
        "geometry_quality": "regionwide_legal_land_class_no_polygon_attached",
        "map_query": "All forest land in La Rioja, La Rioja, Spain",
        "source_urls": "https://web.larioja.org/eclipse/;https://cadenaser.com/rioja/2026/07/30/el-gobierno-de-la-rioja-lanza-varias-medidas-extraordinarias-para-evitar-incendios-el-dia-del-eclipse-radio-rioja/",
        "source_publisher": "Gobierno de La Rioja;Cadena SER Radio Rioja",
        "source_publishers": "Gobierno de La Rioja;Cadena SER Radio Rioja",
        "verification_timestamp": "2026-08-07T08:17:00+02:00",
        "last_verified": "2026-08-07T08:17:00+02:00",
        "notes": ""
      }
    },
    {
      "type": "Feature",
      "id": "valencia-control-01",
      "geometry": null,
      "properties": {
        "id": "valencia-control-01",
        "name": "El Palmar and l'Albufera lake access-control area",
        "autonomous_community": "Comunitat Valenciana",
        "province": "València",
        "municipality": "València",
        "restriction_type": "strict_access_control",
        "restriction_class": "strict_access_control",
        "status": "reported_confirmed",
        "confidence": "medium",
        "effect_start": "",
        "effect_end": "",
        "effect_date": "2026-08-12",
        "effect_time_note": "",
        "description": "Strict access controls are announced for El Palmar and the lake surroundings.",
        "affected_transport_modes": "vehicle_access;public_access",
        "affected_modes": "vehicle_access;public_access",
        "exemptions": "",
        "road_code": "",
        "road_location_reference": "",
        "road_reference": "",
        "direction": "",
        "planning_relevance": "access_controls_expected",
        "geometry_quality": "authority_named_place_no_boundary",
        "map_query": "El Palmar and l'Albufera lake access-control area, València, Spain",
        "source_urls": "https://cadenaser.com/comunitat-valenciana/2026/07/28/dispositivo-de-seguridad-por-el-eclipse-en-valencia-se-cerrara-la-albufera-y-habra-mas-de-mil-policias-vigilando-radio-valencia/",
        "source_publisher": "Cadena SER Radio Valencia",
        "source_publishers": "Cadena SER Radio Valencia",
        "verification_timestamp": "2026-08-07T08:17:00+02:00",
        "last_verified": "2026-08-07T08:17:00+02:00",
        "notes": ""
      }
    },
    {
      "type": "Feature",
      "id": "valencia-road-01",
      "geometry": null,
      "properties": {
        "id": "valencia-road-01",
        "name": "CV-500 through l'Albufera area",
        "autonomous_community": "Comunitat Valenciana",
        "province": "València",
        "municipality": "València",
        "restriction_type": "motor_vehicle_access_restriction",
        "restriction_class": "motor_vehicle_access_restriction",
        "status": "reported_confirmed",
        "confidence": "medium",
        "effect_start": "2026-08-12T18:00:00+02:00",
        "effect_end": "",
        "effect_date": "2026-08-12",
        "effect_time_note": "",
        "description": "Traffic on the CV-500 is restricted from 18:00.",
        "affected_transport_modes": "private_motor_vehicle",
        "affected_modes": "private_motor_vehicle",
        "exemptions": "accredited residents;emergency/security services",
        "road_code": "CV-500",
        "road_location_reference": "l'Albufera / El Palmar corridor",
        "road_reference": "l'Albufera / El Palmar corridor",
        "direction": "",
        "planning_relevance": "private_vehicle_access_restricted",
        "geometry_quality": "authority_named_place_no_boundary",
        "map_query": "CV-500 through l'Albufera area, València, Spain",
        "source_urls": "https://cadenaser.com/comunitat-valenciana/2026/07/28/dispositivo-de-seguridad-por-el-eclipse-en-valencia-se-cerrara-la-albufera-y-habra-mas-de-mil-policias-vigilando-radio-valencia/",
        "source_publisher": "Cadena SER Radio Valencia",
        "source_publishers": "Cadena SER Radio Valencia",
        "verification_timestamp": "2026-08-07T08:17:00+02:00",
        "last_verified": "2026-08-07T08:17:00+02:00",
        "notes": ""
      }
    },
    {
      "type": "Feature",
      "id": "valencia-site-01",
      "geometry": null,
      "properties": {
        "id": "valencia-site-01",
        "name": "Parc Natural de l'Albufera and Devesa",
        "autonomous_community": "Comunitat Valenciana",
        "province": "València",
        "municipality": "València",
        "restriction_type": "natural_area_closure",
        "restriction_class": "natural_area_closure",
        "status": "reported_confirmed",
        "confidence": "medium",
        "effect_start": "2026-08-12T00:00:00+02:00",
        "effect_end": "2026-08-12T23:59:59+02:00",
        "effect_date": "2026-08-12",
        "effect_time_note": "",
        "description": "The natural park and Devesa are announced closed on eclipse day.",
        "affected_transport_modes": "public_access;vehicle_access;eclipse_observation",
        "affected_modes": "public_access;vehicle_access;eclipse_observation",
        "exemptions": "",
        "road_code": "",
        "road_location_reference": "",
        "road_reference": "",
        "direction": "",
        "planning_relevance": "viewing_location_unavailable",
        "geometry_quality": "authority_named_place_no_boundary",
        "map_query": "Parc Natural de l'Albufera and Devesa, València, Spain",
        "source_urls": "https://cadenaser.com/comunitat-valenciana/2026/07/28/dispositivo-de-seguridad-por-el-eclipse-en-valencia-se-cerrara-la-albufera-y-habra-mas-de-mil-policias-vigilando-radio-valencia/",
        "source_publisher": "Cadena SER Radio Valencia quoting municipal authorities",
        "source_publishers": "Cadena SER Radio Valencia quoting municipal authorities",
        "verification_timestamp": "2026-08-07T08:17:00+02:00",
        "last_verified": "2026-08-07T08:17:00+02:00",
        "notes": ""
      }
    },
    {
      "type": "Feature",
      "id": "zaragoza-bridge-01",
      "geometry": null,
      "properties": {
        "id": "zaragoza-bridge-01",
        "name": "Puente de la Almozara — west side and elevated central promenade",
        "autonomous_community": "Aragón",
        "province": "Zaragoza",
        "municipality": "Zaragoza",
        "restriction_type": "planned_traffic_closure",
        "restriction_class": "planned_traffic_closure",
        "status": "planned_not_final",
        "confidence": "medium",
        "effect_start": "",
        "effect_end": "",
        "effect_date": "2026-08-12",
        "effect_time_note": "",
        "description": "Road traffic closure proposed; bicycles and personal-mobility vehicles also excluded from the elevated central promenade.",
        "affected_transport_modes": "motor_vehicle",
        "affected_modes": "motor_vehicle",
        "exemptions": "",
        "road_code": "",
        "road_location_reference": "",
        "road_reference": "",
        "direction": "",
        "planning_relevance": "bridge_road_access_expected_closed",
        "geometry_quality": "authority_named_place_no_boundary",
        "map_query": "Puente de la Almozara — west side and elevated central promenade, Zaragoza, Spain",
        "source_urls": "https://www.zaragoza.es/sede/portal/zaragoza-eclipsa/servicio/noticia/359827",
        "source_publisher": "Ayuntamiento de Zaragoza",
        "source_publishers": "Ayuntamiento de Zaragoza",
        "verification_timestamp": "2026-08-07T08:17:00+02:00",
        "last_verified": "2026-08-07T08:17:00+02:00",
        "notes": "Municipal announcement used prospective wording; final device may still change."
      }
    },
    {
      "type": "Feature",
      "id": "zaragoza-bridge-02",
      "geometry": null,
      "properties": {
        "id": "zaragoza-bridge-02",
        "name": "Puente de Santiago",
        "autonomous_community": "Aragón",
        "province": "Zaragoza",
        "municipality": "Zaragoza",
        "restriction_type": "planned_traffic_closure",
        "restriction_class": "planned_traffic_closure",
        "status": "planned_not_final",
        "confidence": "medium",
        "effect_start": "",
        "effect_end": "",
        "effect_date": "2026-08-12",
        "effect_time_note": "",
        "description": "Road traffic closure proposed; bridge reserved for pedestrians.",
        "affected_transport_modes": "motor_vehicle",
        "affected_modes": "motor_vehicle",
        "exemptions": "",
        "road_code": "",
        "road_location_reference": "",
        "road_reference": "",
        "direction": "",
        "planning_relevance": "bridge_road_access_expected_closed",
        "geometry_quality": "authority_named_place_no_boundary",
        "map_query": "Puente de Santiago, Zaragoza, Spain",
        "source_urls": "https://www.zaragoza.es/sede/portal/zaragoza-eclipsa/servicio/noticia/359827",
        "source_publisher": "Ayuntamiento de Zaragoza",
        "source_publishers": "Ayuntamiento de Zaragoza",
        "verification_timestamp": "2026-08-07T08:17:00+02:00",
        "last_verified": "2026-08-07T08:17:00+02:00",
        "notes": "Municipal announcement used prospective wording; final device may still change."
      }
    },
    {
      "type": "Feature",
      "id": "zaragoza-bridge-03",
      "geometry": null,
      "properties": {
        "id": "zaragoza-bridge-03",
        "name": "Puente de Piedra",
        "autonomous_community": "Aragón",
        "province": "Zaragoza",
        "municipality": "Zaragoza",
        "restriction_type": "planned_traffic_closure",
        "restriction_class": "planned_traffic_closure",
        "status": "planned_not_final",
        "confidence": "medium",
        "effect_start": "",
        "effect_end": "",
        "effect_date": "2026-08-12",
        "effect_time_note": "",
        "description": "Road traffic closure proposed; bridge reserved for pedestrians.",
        "affected_transport_modes": "motor_vehicle",
        "affected_modes": "motor_vehicle",
        "exemptions": "",
        "road_code": "",
        "road_location_reference": "",
        "road_reference": "",
        "direction": "",
        "planning_relevance": "bridge_road_access_expected_closed",
        "geometry_quality": "authority_named_place_no_boundary",
        "map_query": "Puente de Piedra, Zaragoza, Spain",
        "source_urls": "https://www.zaragoza.es/sede/portal/zaragoza-eclipsa/servicio/noticia/359827",
        "source_publisher": "Ayuntamiento de Zaragoza",
        "source_publishers": "Ayuntamiento de Zaragoza",
        "verification_timestamp": "2026-08-07T08:17:00+02:00",
        "last_verified": "2026-08-07T08:17:00+02:00",
        "notes": "Municipal announcement used prospective wording; final device may still change."
      }
    },
    {
      "type": "Feature",
      "id": "zaragoza-bridge-04",
      "geometry": null,
      "properties": {
        "id": "zaragoza-bridge-04",
        "name": "Puente del Pilar — west side",
        "autonomous_community": "Aragón",
        "province": "Zaragoza",
        "municipality": "Zaragoza",
        "restriction_type": "planned_traffic_closure",
        "restriction_class": "planned_traffic_closure",
        "status": "planned_not_final",
        "confidence": "medium",
        "effect_start": "",
        "effect_end": "",
        "effect_date": "2026-08-12",
        "effect_time_note": "",
        "description": "Road traffic closure proposed; west side reserved for pedestrians.",
        "affected_transport_modes": "motor_vehicle",
        "affected_modes": "motor_vehicle",
        "exemptions": "",
        "road_code": "",
        "road_location_reference": "",
        "road_reference": "",
        "direction": "",
        "planning_relevance": "bridge_road_access_expected_closed",
        "geometry_quality": "authority_named_place_no_boundary",
        "map_query": "Puente del Pilar — west side, Zaragoza, Spain",
        "source_urls": "https://www.zaragoza.es/sede/portal/zaragoza-eclipsa/servicio/noticia/359827",
        "source_publisher": "Ayuntamiento de Zaragoza",
        "source_publishers": "Ayuntamiento de Zaragoza",
        "verification_timestamp": "2026-08-07T08:17:00+02:00",
        "last_verified": "2026-08-07T08:17:00+02:00",
        "notes": "Municipal announcement used prospective wording; final device may still change."
      }
    },
    {
      "type": "Feature",
      "id": "zaragoza-city-01",
      "geometry": null,
      "properties": {
        "id": "zaragoza-city-01",
        "name": "Municipality of Zaragoza",
        "autonomous_community": "Aragón",
        "province": "Zaragoza",
        "municipality": "Zaragoza",
        "restriction_type": "temporary_speed_and_lighting_rule",
        "restriction_class": "temporary_speed_and_lighting_rule",
        "status": "confirmed",
        "confidence": "high",
        "effect_start": "",
        "effect_end": "",
        "effect_date": "2026-08-12",
        "effect_time_note": "",
        "description": "Maximum speed 30 km/h throughout the municipality and dipped headlights mandatory under the announced eclipse device.",
        "affected_transport_modes": "motor_vehicle",
        "affected_modes": "motor_vehicle",
        "exemptions": "",
        "road_code": "",
        "road_location_reference": "",
        "road_reference": "",
        "direction": "",
        "planning_relevance": "traffic_rule_not_access_ban",
        "geometry_quality": "authority_named_place_no_boundary",
        "map_query": "Municipality of Zaragoza, Zaragoza, Spain",
        "source_urls": "https://www.zaragoza.es/sede/portal/zaragoza-eclipsa/servicio/noticia/359827",
        "source_publisher": "Ayuntamiento de Zaragoza",
        "source_publishers": "Ayuntamiento de Zaragoza",
        "verification_timestamp": "2026-08-07T08:17:00+02:00",
        "last_verified": "2026-08-07T08:17:00+02:00",
        "notes": ""
      }
    },
    {
      "type": "Feature",
      "id": "zaragoza-walk-01",
      "geometry": null,
      "properties": {
        "id": "zaragoza-walk-01",
        "name": "Pasarela del Voluntariado",
        "autonomous_community": "Aragón",
        "province": "Zaragoza",
        "municipality": "Zaragoza",
        "restriction_type": "planned_pedestrian_closure",
        "restriction_class": "planned_pedestrian_closure",
        "status": "planned_not_final",
        "confidence": "medium",
        "effect_start": "",
        "effect_end": "",
        "effect_date": "2026-08-12",
        "effect_time_note": "",
        "description": "The footbridge is planned to remain closed to pedestrian traffic during the device.",
        "affected_transport_modes": "pedestrian",
        "affected_modes": "pedestrian",
        "exemptions": "",
        "road_code": "",
        "road_location_reference": "",
        "road_reference": "",
        "direction": "",
        "planning_relevance": "viewing_location_unavailable",
        "geometry_quality": "authority_named_place_no_boundary",
        "map_query": "Pasarela del Voluntariado, Zaragoza, Spain",
        "source_urls": "https://www.zaragoza.es/sede/portal/zaragoza-eclipsa/servicio/noticia/359827",
        "source_publisher": "Ayuntamiento de Zaragoza",
        "source_publishers": "Ayuntamiento de Zaragoza",
        "verification_timestamp": "2026-08-07T08:17:00+02:00",
        "last_verified": "2026-08-07T08:17:00+02:00",
        "notes": ""
      }
    }
  ]
}